Order_ID,Order_Date,Ship_Mode,Customer_Segment,Region,Category,Product,Quantity,Unit_Price,Discount,Sales,Profit,Month,Quarter
ORD-1000,2023-01-01 00:00:00.000000,Standard Class,Consumer,East,Furniture,Filing Cabinet,1,469.43,0.0,469.43,116.16,January,2023Q1
ORD-1001,2023-01-01 07:17:09.858215,Standard Class,Corporate,East,Sports,Yoga Mat,4,167.47,0.05,636.39,146.21,January,2023Q1
ORD-1002,2023-01-01 14:34:19.716430,Standard Class,Home Office,East,Office Supplies,Folders,5,95.42,0.05,453.24,111.25,January,2023Q1
ORD-1003,2023-01-01 21:51:29.574645,Standard Class,Corporate,North,Office Supplies,Stapler,3,48.6,0.15,123.93,43.36,January,2023Q1
ORD-1004,2023-01-02 05:08:39.432860,Standard Class,Corporate,North,Electronics,Laptop,1,283.8,0.05,269.61,58.2,January,2023Q1
ORD-1005,2023-01-02 12:25:49.291075,Standard Class,Corporate,East,Electronics,Camera,5,581.03,0.0,2905.15,479.4,January,2023Q1
ORD-1006,2023-01-02 19:42:59.149291,Second Class,Consumer,North,Electronics,Monitor,7,293.77,0.1,1850.75,275.84,January,2023Q1
ORD-1007,2023-01-03 03:00:09.007506,Second Class,Home Office,North,Clothing,Jacket,5,180.74,0.05,858.52,199.83,January,2023Q1
ORD-1008,2023-01-03 10:17:18.865721,Standard Class,Consumer,West,Office Supplies,Stapler,6,42.11,0.0,252.66,86.7,January,2023Q1
ORD-1009,2023-01-03 17:34:28.723936,First Class,Consumer,East,Office Supplies,Pens Set,2,83.8,0.05,159.22,45.41,January,2023Q1
ORD-1010,2023-01-04 00:51:38.582151,Standard Class,Consumer,East,Electronics,Monitor,3,827.69,0.15,2110.61,433.85,January,2023Q1
ORD-1011,2023-01-04 08:08:48.440366,Standard Class,Corporate,East,Sports,Cricket Bat,1,113.8,0.0,113.8,17.48,January,2023Q1
ORD-1012,2023-01-04 15:25:58.298582,Second Class,Corporate,East,Clothing,Trousers,2,135.49,0.1,243.88,72.16,January,2023Q1
ORD-1013,2023-01-04 22:43:08.156797,Standard Class,Corporate,North,Electronics,Camera,6,304.62,0.0,1827.72,280.27,January,2023Q1
ORD-1014,2023-01-05 06:00:18.015012,Standard Class,Consumer,South,Electronics,Smartphone,6,618.17,0.0,3709.02,567.05,January,2023Q1
ORD-1015,2023-01-05 13:17:27.873227,Standard Class,Consumer,South,Electronics,Smartwatch,2,280.55,0.0,561.1,106.47,January,2023Q1
ORD-1016,2023-01-05 20:34:37.731442,Standard Class,Consumer,South,Furniture,Sofa,4,580.67,0.0,2322.68,379.19,January,2023Q1
ORD-1017,2023-01-06 03:51:47.589658,First Class,Consumer,East,Office Supplies,Notebooks,5,97.28,0.15,413.44,88.78,January,2023Q1
ORD-1018,2023-01-06 11:08:57.447873,Standard Class,Corporate,South,Furniture,Bookshelf,1,267.58,0.0,267.58,50.43,January,2023Q1
ORD-1019,2023-01-06 18:26:07.306088,Standard Class,Consumer,South,Electronics,Smartwatch,1,419.84,0.1,377.86,69.57,January,2023Q1
ORD-1020,2023-01-07 01:43:17.164303,Standard Class,Consumer,South,Office Supplies,Notebooks,1,81.27,0.0,81.27,30.34,January,2023Q1
ORD-1021,2023-01-07 09:00:27.022518,Second Class,Consumer,North,Electronics,Monitor,2,452.43,0.2,723.89,157.38,January,2023Q1
ORD-1022,2023-01-07 16:17:36.880733,Standard Class,Consumer,South,Electronics,Monitor,7,914.46,0.1,5761.1,1031.05,January,2023Q1
ORD-1023,2023-01-07 23:34:46.738949,Second Class,Consumer,North,Furniture,Filing Cabinet,4,425.12,0.1,1530.43,243.17,January,2023Q1
ORD-1024,2023-01-08 06:51:56.597164,Standard Class,Consumer,North,Furniture,Filing Cabinet,3,325.15,0.0,975.45,219.14,January,2023Q1
ORD-1025,2023-01-08 14:09:06.455379,Standard Class,Corporate,North,Clothing,Jacket,6,164.25,0.05,936.22,262.82,January,2023Q1
ORD-1026,2023-01-08 21:26:16.313594,Standard Class,Corporate,South,Electronics,Headphones,2,625.25,0.0,1250.5,203.37,January,2023Q1
ORD-1027,2023-01-09 04:43:26.171809,Standard Class,Corporate,East,Office Supplies,Pens Set,7,92.64,0.2,518.78,119.31,January,2023Q1
ORD-1028,2023-01-09 12:00:36.030025,Standard Class,Home Office,North,Office Supplies,Printer Paper,3,93.82,0.05,267.39,69.56,January,2023Q1
ORD-1029,2023-01-09 19:17:45.888240,Standard Class,Consumer,South,Electronics,Camera,6,389.1,0.1,2101.14,439.83,January,2023Q1
ORD-1030,2023-01-10 02:34:55.746455,First Class,Corporate,East,Office Supplies,Stapler,6,27.17,0.1,146.72,40.09,January,2023Q1
ORD-1031,2023-01-10 09:52:05.604670,Standard Class,Home Office,North,Electronics,Tablet,4,978.43,0.0,3913.72,836.34,January,2023Q1
ORD-1032,2023-01-10 17:09:15.462885,Second Class,Consumer,West,Electronics,Tablet,5,922.42,0.1,4150.89,666.25,January,2023Q1
ORD-1033,2023-01-11 00:26:25.321100,Standard Class,Home Office,East,Sports,Gym Equipment,1,82.65,0.1,74.39,11.87,January,2023Q1
ORD-1034,2023-01-11 07:43:35.179316,Standard Class,Consumer,South,Sports,Yoga Mat,3,231.94,0.1,626.24,120.43,January,2023Q1
ORD-1035,2023-01-11 15:00:45.037531,Standard Class,Consumer,East,Clothing,Shoes,2,113.26,0.05,215.19,52.26,January,2023Q1
ORD-1036,2023-01-11 22:17:54.895746,First Class,Consumer,North,Furniture,Filing Cabinet,3,284.01,0.0,852.03,133.02,January,2023Q1
ORD-1037,2023-01-12 05:35:04.753961,Standard Class,Corporate,East,Electronics,Smartwatch,5,902.7,0.0,4513.5,625.76,January,2023Q1
ORD-1038,2023-01-12 12:52:14.612176,Standard Class,Corporate,South,Office Supplies,Folders,1,41.16,0.15,34.99,8.51,January,2023Q1
ORD-1039,2023-01-12 20:09:24.470391,Standard Class,Corporate,West,Furniture,Bookshelf,3,592.39,0.1,1599.45,270.3,January,2023Q1
ORD-1040,2023-01-13 03:26:34.328607,Standard Class,Consumer,North,Electronics,Headphones,5,418.05,0.05,1985.74,323.45,January,2023Q1
ORD-1041,2023-01-13 10:43:44.186822,Standard Class,Consumer,East,Furniture,Bookshelf,2,442.93,0.2,708.69,199.38,January,2023Q1
ORD-1042,2023-01-13 18:00:54.045037,Standard Class,Consumer,East,Electronics,Laptop,4,430.62,0.0,1722.48,311.76,January,2023Q1
ORD-1043,2023-01-14 01:18:03.903252,Standard Class,Consumer,North,Sports,Cycle,7,176.77,0.15,1051.78,226.46,January,2023Q1
ORD-1044,2023-01-14 08:35:13.761467,Standard Class,Home Office,South,Electronics,Tablet,6,762.46,0.25,3431.07,564.38,January,2023Q1
ORD-1045,2023-01-14 15:52:23.619683,Second Class,Consumer,East,Office Supplies,Stapler,2,40.7,0.2,65.12,17.47,January,2023Q1
ORD-1046,2023-01-14 23:09:33.477898,Standard Class,Corporate,West,Furniture,Office Chair,1,401.36,0.15,341.16,53.58,January,2023Q1
ORD-1047,2023-01-15 06:26:43.336113,Standard Class,Corporate,South,Office Supplies,Pens Set,6,60.77,0.0,364.62,109.41,January,2023Q1
ORD-1048,2023-01-15 13:43:53.194328,Standard Class,Consumer,East,Office Supplies,Printer Paper,7,32.11,0.0,224.77,66.77,January,2023Q1
ORD-1049,2023-01-15 21:01:03.052543,Second Class,Corporate,West,Electronics,Camera,2,859.18,0.1,1546.52,221.22,January,2023Q1
ORD-1050,2023-01-16 04:18:12.910758,Standard Class,Consumer,West,Sports,Cricket Bat,2,136.45,0.0,272.9,63.24,January,2023Q1
ORD-1051,2023-01-16 11:35:22.768974,Standard Class,Consumer,North,Clothing,Accessories,2,129.14,0.0,258.28,64.29,January,2023Q1
ORD-1052,2023-01-16 18:52:32.627189,Standard Class,Consumer,East,Sports,Football,2,170.84,0.15,290.43,52.47,January,2023Q1
ORD-1053,2023-01-17 02:09:42.485404,Standard Class,Corporate,South,Clothing,Formal Shirt,6,120.8,0.0,724.8,142.81,January,2023Q1
ORD-1054,2023-01-17 09:26:52.343619,Standard Class,Consumer,West,Office Supplies,Notebooks,1,34.72,0.2,27.78,8.59,January,2023Q1
ORD-1055,2023-01-17 16:44:02.201834,Second Class,Corporate,South,Sports,Yoga Mat,7,153.31,0.15,912.19,210.11,January,2023Q1
ORD-1056,2023-01-18 00:01:12.060050,First Class,Corporate,North,Electronics,Smartphone,5,595.7,0.15,2531.72,396.1,January,2023Q1
ORD-1057,2023-01-18 07:18:21.918265,Second Class,Consumer,East,Electronics,Monitor,3,798.22,0.1,2155.19,322.48,January,2023Q1
ORD-1058,2023-01-18 14:35:31.776480,Standard Class,Corporate,South,Electronics,Headphones,4,874.81,0.2,2799.39,510.52,January,2023Q1
ORD-1059,2023-01-18 21:52:41.634695,Standard Class,Corporate,West,Furniture,Bookshelf,7,412.15,0.15,2452.29,427.94,January,2023Q1
ORD-1060,2023-01-19 05:09:51.492910,Standard Class,Consumer,West,Furniture,Sofa,3,206.88,0.1,558.58,135.17,January,2023Q1
ORD-1061,2023-01-19 12:27:01.351125,Standard Class,Consumer,East,Electronics,Camera,3,440.53,0.0,1321.59,252.92,January,2023Q1
ORD-1062,2023-01-19 19:44:11.209341,Standard Class,Corporate,North,Clothing,Formal Shirt,4,73.43,0.2,234.98,44.19,January,2023Q1
ORD-1063,2023-01-20 03:01:21.067556,Second Class,Consumer,East,Furniture,Office Chair,7,223.83,0.15,1331.79,211.52,January,2023Q1
ORD-1064,2023-01-20 10:18:30.925771,Standard Class,Corporate,North,Electronics,Smartwatch,6,533.45,0.05,3040.66,586.82,January,2023Q1
ORD-1065,2023-01-20 17:35:40.783986,Standard Class,Consumer,North,Office Supplies,Folders,1,43.52,0.0,43.52,11.44,January,2023Q1
ORD-1066,2023-01-21 00:52:50.642201,Standard Class,Consumer,West,Electronics,Monitor,4,427.18,0.1,1537.85,208.13,January,2023Q1
ORD-1067,2023-01-21 08:10:00.500417,Standard Class,Consumer,North,Clothing,Jacket,1,58.44,0.0,58.44,16.88,January,2023Q1
ORD-1068,2023-01-21 15:27:10.358632,Standard Class,Consumer,South,Electronics,Camera,6,282.72,0.2,1357.06,217.02,January,2023Q1
ORD-1069,2023-01-21 22:44:20.216847,First Class,Corporate,West,Sports,Cricket Bat,3,91.73,0.25,206.39,40.28,January,2023Q1
ORD-1070,2023-01-22 06:01:30.075062,Standard Class,Consumer,South,Clothing,Shoes,1,74.42,0.0,74.42,15.67,January,2023Q1
ORD-1071,2023-01-22 13:18:39.933277,Second Class,Corporate,South,Electronics,Monitor,6,580.31,0.1,3133.67,607.15,January,2023Q1
ORD-1072,2023-01-22 20:35:49.791492,Second Class,Home Office,West,Electronics,Tablet,6,637.57,0.0,3825.42,606.56,January,2023Q1
ORD-1073,2023-01-23 03:52:59.649708,Second Class,Corporate,North,Clothing,Accessories,5,70.12,0.1,315.54,101.04,January,2023Q1
ORD-1074,2023-01-23 11:10:09.507923,Standard Class,Corporate,East,Office Supplies,Printer Paper,4,57.58,0.0,230.32,77.51,January,2023Q1
ORD-1075,2023-01-23 18:27:19.366138,Standard Class,Consumer,West,Office Supplies,Folders,5,51.61,0.1,232.24,54.49,January,2023Q1
ORD-1076,2023-01-24 01:44:29.224353,Standard Class,Consumer,West,Clothing,Shoes,3,75.95,0.0,227.85,54.12,January,2023Q1
ORD-1077,2023-01-24 09:01:39.082568,Second Class,Corporate,East,Electronics,Smartphone,4,274.93,0.0,1099.72,184.34,January,2023Q1
ORD-1078,2023-01-24 16:18:48.940783,Standard Class,Consumer,South,Furniture,Bookshelf,3,377.22,0.05,1075.08,241.38,January,2023Q1
ORD-1079,2023-01-24 23:35:58.798999,First Class,Corporate,North,Electronics,Headphones,5,763.67,0.0,3818.35,828.31,January,2023Q1
ORD-1080,2023-01-25 06:53:08.657214,Standard Class,Consumer,West,Clothing,Formal Shirt,7,81.77,0.05,543.77,142.75,January,2023Q1
ORD-1081,2023-01-25 14:10:18.515429,Standard Class,Corporate,West,Office Supplies,Notebooks,6,36.49,0.0,218.94,48.4,January,2023Q1
ORD-1082,2023-01-25 21:27:28.373644,Standard Class,Home Office,East,Furniture,Sofa,3,565.4,0.05,1611.39,387.56,January,2023Q1
ORD-1083,2023-01-26 04:44:38.231859,Standard Class,Home Office,North,Electronics,Headphones,4,468.02,0.2,1497.66,190.04,January,2023Q1
ORD-1084,2023-01-26 12:01:48.090075,Standard Class,Corporate,North,Furniture,Sofa,4,268.18,0.15,911.81,234.29,January,2023Q1
ORD-1085,2023-01-26 19:18:57.948290,Second Class,Corporate,North,Furniture,Office Chair,3,551.98,0.2,1324.75,320.58,January,2023Q1
ORD-1086,2023-01-27 02:36:07.806505,Second Class,Corporate,East,Office Supplies,Notebooks,4,85.83,0.2,274.66,72.94,January,2023Q1
ORD-1087,2023-01-27 09:53:17.664720,First Class,Corporate,South,Office Supplies,Printer Paper,6,59.28,0.0,355.68,93.42,January,2023Q1
ORD-1088,2023-01-27 17:10:27.522935,First Class,Consumer,West,Clothing,Accessories,7,117.54,0.0,822.78,242.51,January,2023Q1
ORD-1089,2023-01-28 00:27:37.381150,First Class,Consumer,East,Furniture,Filing Cabinet,6,265.55,0.05,1513.64,389.61,January,2023Q1
ORD-1090,2023-01-28 07:44:47.239366,Standard Class,Consumer,North,Electronics,Smartphone,4,326.38,0.2,1044.42,171.34,January,2023Q1
ORD-1091,2023-01-28 15:01:57.097581,Second Class,Home Office,East,Office Supplies,Stapler,3,68.29,0.25,153.65,40.53,January,2023Q1
ORD-1092,2023-01-28 22:19:06.955796,Standard Class,Consumer,South,Clothing,Accessories,5,64.37,0.0,321.85,83.35,January,2023Q1
ORD-1093,2023-01-29 05:36:16.814011,Standard Class,Corporate,East,Office Supplies,Notebooks,4,59.35,0.0,237.4,50.21,January,2023Q1
ORD-1094,2023-01-29 12:53:26.672226,Second Class,Corporate,East,Clothing,Accessories,4,178.91,0.0,715.64,134.11,January,2023Q1
ORD-1095,2023-01-29 20:10:36.530442,Standard Class,Corporate,West,Furniture,Desk,4,594.87,0.1,2141.53,365.46,January,2023Q1
ORD-1096,2023-01-30 03:27:46.388657,Standard Class,Corporate,West,Office Supplies,Pens Set,4,44.23,0.1,159.23,38.75,January,2023Q1
ORD-1097,2023-01-30 10:44:56.246872,Standard Class,Consumer,North,Furniture,Bookshelf,3,447.6,0.0,1342.8,297.55,January,2023Q1
ORD-1098,2023-01-30 18:02:06.105087,Standard Class,Corporate,North,Electronics,Smartwatch,5,611.33,0.05,2903.82,677.06,January,2023Q1
ORD-1099,2023-01-31 01:19:15.963302,First Class,Corporate,East,Electronics,Laptop,5,900.49,0.1,4052.2,796.19,January,2023Q1
ORD-1100,2023-01-31 08:36:25.821517,Standard Class,Consumer,North,Electronics,Laptop,1,465.43,0.1,418.89,55.55,January,2023Q1
ORD-1101,2023-01-31 15:53:35.679733,Standard Class,Consumer,South,Office Supplies,Printer Paper,4,27.27,0.0,109.08,33.23,January,2023Q1
ORD-1102,2023-01-31 23:10:45.537948,Standard Class,Corporate,North,Furniture,Office Chair,4,240.83,0.2,770.66,169.2,January,2023Q1
ORD-1103,2023-02-01 06:27:55.396163,Standard Class,Corporate,East,Office Supplies,Stapler,1,52.17,0.05,49.56,11.69,February,2023Q1
ORD-1104,2023-02-01 13:45:05.254378,First Class,Consumer,North,Sports,Football,5,132.62,0.15,563.64,141.15,February,2023Q1
ORD-1105,2023-02-01 21:02:15.112593,Standard Class,Corporate,East,Electronics,Laptop,2,839.78,0.15,1427.63,247.84,February,2023Q1
ORD-1106,2023-02-02 04:19:24.970809,Standard Class,Corporate,West,Furniture,Office Chair,6,472.89,0.0,2837.34,809.44,February,2023Q1
ORD-1107,2023-02-02 11:36:34.829024,Second Class,Consumer,North,Clothing,Shoes,2,91.74,0.0,183.48,43.67,February,2023Q1
ORD-1108,2023-02-02 18:53:44.687239,First Class,Home Office,North,Electronics,Laptop,5,599.58,0.1,2698.11,517.12,February,2023Q1
ORD-1109,2023-02-03 02:10:54.545454,Second Class,Corporate,South,Electronics,Camera,7,338.8,0.0,2371.6,325.65,February,2023Q1
ORD-1110,2023-02-03 09:28:04.403669,First Class,Corporate,West,Electronics,Monitor,4,916.67,0.15,3116.68,545.6,February,2023Q1
ORD-1111,2023-02-03 16:45:14.261884,Standard Class,Corporate,North,Electronics,Camera,2,943.51,0.1,1698.32,257.78,February,2023Q1
ORD-1112,2023-02-04 00:02:24.120100,Standard Class,Consumer,South,Sports,Yoga Mat,3,260.12,0.15,663.31,159.37,February,2023Q1
ORD-1113,2023-02-04 07:19:33.978315,Standard Class,Consumer,North,Clothing,Shoes,3,169.12,0.0,507.36,148.45,February,2023Q1
ORD-1114,2023-02-04 14:36:43.836530,First Class,Consumer,East,Office Supplies,Notebooks,1,39.53,0.0,39.53,14.17,February,2023Q1
ORD-1115,2023-02-04 21:53:53.694745,Standard Class,Consumer,South,Clothing,Trousers,5,57.28,0.1,257.76,73.09,February,2023Q1
ORD-1116,2023-02-05 05:11:03.552960,Standard Class,Consumer,East,Clothing,Trousers,5,129.83,0.0,649.15,194.68,February,2023Q1
ORD-1117,2023-02-05 12:28:13.411175,Standard Class,Home Office,West,Electronics,Headphones,2,927.08,0.1,1668.74,246.46,February,2023Q1
ORD-1118,2023-02-05 19:45:23.269391,Standard Class,Corporate,North,Clothing,Formal Shirt,4,75.12,0.15,255.41,62.02,February,2023Q1
ORD-1119,2023-02-06 03:02:33.127606,Standard Class,Corporate,West,Office Supplies,Pens Set,5,27.51,0.05,130.67,43.71,February,2023Q1
ORD-1120,2023-02-06 10:19:42.985821,Same Day,Home Office,North,Clothing,Formal Shirt,2,160.55,0.1,288.99,78.2,February,2023Q1
ORD-1121,2023-02-06 17:36:52.844036,Standard Class,Corporate,West,Clothing,Formal Shirt,2,61.44,0.0,122.88,34.71,February,2023Q1
ORD-1122,2023-02-07 00:54:02.702251,Second Class,Consumer,East,Furniture,Office Chair,6,353.34,0.0,2120.04,389.24,February,2023Q1
ORD-1123,2023-02-07 08:11:12.560467,Second Class,Consumer,West,Electronics,Smartwatch,6,758.8,0.25,3414.6,466.54,February,2023Q1
ORD-1124,2023-02-07 15:28:22.418682,Standard Class,Corporate,North,Electronics,Camera,5,440.49,0.25,1651.84,371.69,February,2023Q1
ORD-1125,2023-02-07 22:45:32.276897,Standard Class,Corporate,North,Furniture,Office Chair,2,205.62,0.05,390.68,89.05,February,2023Q1
ORD-1126,2023-02-08 06:02:42.135112,Standard Class,Consumer,South,Clothing,Accessories,1,155.72,0.2,124.58,24.68,February,2023Q1
ORD-1127,2023-02-08 13:19:51.993327,Standard Class,Corporate,South,Clothing,Shoes,1,136.7,0.05,129.86,38.18,February,2023Q1
ORD-1128,2023-02-08 20:37:01.851542,Second Class,Consumer,North,Electronics,Smartphone,6,981.71,0.0,5890.26,1324.2,February,2023Q1
ORD-1129,2023-02-09 03:54:11.709758,Standard Class,Corporate,South,Office Supplies,Pens Set,5,51.79,0.0,258.95,62.28,February,2023Q1
ORD-1130,2023-02-09 11:11:21.567973,Standard Class,Corporate,North,Furniture,Desk,4,195.67,0.2,626.14,163.99,February,2023Q1
ORD-1131,2023-02-09 18:28:31.426188,Standard Class,Corporate,South,Electronics,Camera,7,798.73,0.0,5591.11,1268.0,February,2023Q1
ORD-1132,2023-02-10 01:45:41.284403,First Class,Home Office,West,Electronics,Smartphone,1,645.65,0.05,613.37,139.45,February,2023Q1
ORD-1133,2023-02-10 09:02:51.142618,First Class,Corporate,South,Furniture,Desk,1,263.52,0.05,250.34,68.76,February,2023Q1
ORD-1134,2023-02-10 16:20:01.000834,First Class,Home Office,North,Sports,Cricket Bat,6,222.09,0.1,1199.29,246.54,February,2023Q1
ORD-1135,2023-02-10 23:37:10.859049,Second Class,Home Office,South,Furniture,Desk,6,259.28,0.05,1477.9,297.09,February,2023Q1
ORD-1136,2023-02-11 06:54:20.717264,Standard Class,Corporate,North,Office Supplies,Printer Paper,5,45.77,0.0,228.85,48.36,February,2023Q1
ORD-1137,2023-02-11 14:11:30.575479,Second Class,Corporate,West,Office Supplies,Notebooks,6,33.66,0.0,201.96,44.63,February,2023Q1
ORD-1138,2023-02-11 21:28:40.433694,Standard Class,Consumer,North,Furniture,Bookshelf,3,346.95,0.1,936.76,197.29,February,2023Q1
ORD-1139,2023-02-12 04:45:50.291909,Second Class,Consumer,East,Sports,Cycle,7,152.43,0.1,960.31,180.46,February,2023Q1
ORD-1140,2023-02-12 12:03:00.150125,Second Class,Corporate,West,Sports,Football,2,170.8,0.05,324.52,52.63,February,2023Q1
ORD-1141,2023-02-12 19:20:10.008340,Standard Class,Consumer,West,Electronics,Tablet,1,780.45,0.1,702.41,118.5,February,2023Q1
ORD-1142,2023-02-13 02:37:19.866555,Second Class,Consumer,East,Furniture,Office Chair,3,573.93,0.0,1721.79,304.85,February,2023Q1
ORD-1143,2023-02-13 09:54:29.724770,First Class,Home Office,West,Furniture,Office Chair,4,229.7,0.2,735.04,195.55,February,2023Q1
ORD-1144,2023-02-13 17:11:39.582985,Standard Class,Home Office,West,Electronics,Monitor,3,309.13,0.05,881.02,139.38,February,2023Q1
ORD-1145,2023-02-14 00:28:49.441201,First Class,Corporate,East,Electronics,Monitor,5,283.34,0.0,1416.7,270.09,February,2023Q1
ORD-1146,2023-02-14 07:45:59.299416,Standard Class,Consumer,East,Office Supplies,Notebooks,4,37.34,0.05,141.89,42.64,February,2023Q1
ORD-1147,2023-02-14 15:03:09.157631,Standard Class,Consumer,East,Office Supplies,Pens Set,4,74.37,0.15,252.86,55.46,February,2023Q1
ORD-1148,2023-02-14 22:20:19.015846,Standard Class,Consumer,East,Electronics,Headphones,6,793.78,0.2,3810.14,867.8,February,2023Q1
ORD-1149,2023-02-15 05:37:28.874061,Standard Class,Consumer,East,Electronics,Smartphone,3,836.28,0.0,2508.84,458.97,February,2023Q1
ORD-1150,2023-02-15 12:54:38.732276,First Class,Consumer,South,Sports,Yoga Mat,5,118.79,0.1,534.56,95.69,February,2023Q1
ORD-1151,2023-02-15 20:11:48.590492,First Class,Consumer,North,Electronics,Camera,1,490.24,0.0,490.24,70.14,February,2023Q1
ORD-1152,2023-02-16 03:28:58.448707,Second Class,Home Office,North,Electronics,Headphones,7,617.86,0.0,4325.02,703.08,February,2023Q1
ORD-1153,2023-02-16 10:46:08.306922,Standard Class,Corporate,North,Furniture,Bookshelf,6,196.31,0.05,1118.97,175.35,February,2023Q1
ORD-1154,2023-02-16 18:03:18.165137,First Class,Consumer,North,Sports,Football,3,189.34,0.1,511.22,93.87,February,2023Q1
ORD-1155,2023-02-17 01:20:28.023352,Standard Class,Consumer,North,Electronics,Headphones,1,978.29,0.15,831.55,152.51,February,2023Q1
ORD-1156,2023-02-17 08:37:37.881567,First Class,Corporate,East,Office Supplies,Printer Paper,3,52.98,0.0,158.94,58.32,February,2023Q1
ORD-1157,2023-02-17 15:54:47.739783,Standard Class,Consumer,South,Clothing,Trousers,6,153.39,0.0,920.34,255.95,February,2023Q1
ORD-1158,2023-02-17 23:11:57.597998,Standard Class,Home Office,West,Electronics,Camera,1,630.02,0.05,598.52,82.63,February,2023Q1
ORD-1159,2023-02-18 06:29:07.456213,Second Class,Consumer,North,Office Supplies,Pens Set,6,36.2,0.0,217.2,51.39,February,2023Q1
ORD-1160,2023-02-18 13:46:17.314428,Standard Class,Consumer,North,Furniture,Bookshelf,3,428.84,0.0,1286.52,270.83,February,2023Q1
ORD-1161,2023-02-18 21:03:27.172643,Standard Class,Consumer,East,Office Supplies,Notebooks,4,48.59,0.0,194.36,47.66,February,2023Q1
ORD-1162,2023-02-19 04:20:37.030859,Standard Class,Consumer,East,Office Supplies,Printer Paper,7,29.48,0.05,196.04,42.15,February,2023Q1
ORD-1163,2023-02-19 11:37:46.889074,Standard Class,Corporate,North,Office Supplies,Pens Set,2,72.71,0.0,145.42,51.61,February,2023Q1
ORD-1164,2023-02-19 18:54:56.747289,Standard Class,Corporate,West,Electronics,Camera,7,888.43,0.05,5908.06,756.87,February,2023Q1
ORD-1165,2023-02-20 02:12:06.605504,Standard Class,Corporate,West,Clothing,Jacket,4,97.89,0.0,391.56,117.31,February,2023Q1
ORD-1166,2023-02-20 09:29:16.463719,Standard Class,Consumer,South,Furniture,Desk,6,342.85,0.0,2057.1,355.92,February,2023Q1
ORD-1167,2023-02-20 16:46:26.321934,Standard Class,Corporate,South,Electronics,Camera,7,911.54,0.1,5742.7,1328.09,February,2023Q1
ORD-1168,2023-02-21 00:03:36.180150,Second Class,Corporate,West,Electronics,Headphones,6,855.8,0.0,5134.8,981.87,February,2023Q1
ORD-1169,2023-02-21 07:20:46.038365,Standard Class,Home Office,East,Office Supplies,Printer Paper,6,78.48,0.1,423.79,145.06,February,2023Q1
ORD-1170,2023-02-21 14:37:55.896580,First Class,Consumer,East,Office Supplies,Folders,1,44.91,0.0,44.91,10.32,February,2023Q1
ORD-1171,2023-02-21 21:55:05.754795,First Class,Consumer,West,Electronics,Laptop,5,925.36,0.05,4395.46,963.08,February,2023Q1
ORD-1172,2023-02-22 05:12:15.613010,Standard Class,Corporate,South,Office Supplies,Folders,6,38.12,0.0,228.72,82.58,February,2023Q1
ORD-1173,2023-02-22 12:29:25.471226,Second Class,Corporate,South,Electronics,Tablet,7,721.27,0.0,5048.89,992.22,February,2023Q1
ORD-1174,2023-02-22 19:46:35.329441,First Class,Consumer,North,Office Supplies,Pens Set,7,29.07,0.05,193.32,58.08,February,2023Q1
ORD-1175,2023-02-23 03:03:45.187656,Same Day,Consumer,East,Electronics,Tablet,7,733.48,0.2,4107.49,837.6,February,2023Q1
ORD-1176,2023-02-23 10:20:55.045871,Standard Class,Consumer,East,Office Supplies,Printer Paper,4,46.95,0.0,187.8,39.64,February,2023Q1
ORD-1177,2023-02-23 17:38:04.904086,Standard Class,Home Office,East,Furniture,Filing Cabinet,2,369.46,0.05,701.97,163.0,February,2023Q1
ORD-1178,2023-02-24 00:55:14.762301,Second Class,Consumer,North,Sports,Cycle,6,138.29,0.1,746.77,180.49,February,2023Q1
ORD-1179,2023-02-24 08:12:24.620517,Second Class,Home Office,North,Electronics,Monitor,6,394.38,0.05,2247.97,369.89,February,2023Q1
ORD-1180,2023-02-24 15:29:34.478732,Second Class,Corporate,South,Furniture,Filing Cabinet,6,446.65,0.15,2277.91,383.36,February,2023Q1
ORD-1181,2023-02-24 22:46:44.336947,Standard Class,Home Office,East,Electronics,Monitor,1,905.02,0.0,905.02,155.17,February,2023Q1
ORD-1182,2023-02-25 06:03:54.195162,First Class,Corporate,East,Sports,Football,6,256.14,0.2,1229.47,279.4,February,2023Q1
ORD-1183,2023-02-25 13:21:04.053377,Same Day,Consumer,North,Clothing,Shoes,4,77.16,0.0,308.64,58.98,February,2023Q1
ORD-1184,2023-02-25 20:38:13.911592,Standard Class,Home Office,West,Electronics,Smartphone,3,786.51,0.0,2359.53,349.81,February,2023Q1
ORD-1185,2023-02-26 03:55:23.769808,Standard Class,Consumer,North,Office Supplies,Pens Set,5,74.83,0.15,318.03,75.23,February,2023Q1
ORD-1186,2023-02-26 11:12:33.628023,Standard Class,Home Office,West,Clothing,Jacket,7,97.7,0.05,649.7,191.36,February,2023Q1
ORD-1187,2023-02-26 18:29:43.486238,First Class,Corporate,North,Office Supplies,Folders,6,28.38,0.05,161.77,35.8,February,2023Q1
ORD-1188,2023-02-27 01:46:53.344453,Second Class,Consumer,East,Office Supplies,Notebooks,1,76.66,0.1,68.99,23.01,February,2023Q1
ORD-1189,2023-02-27 09:04:03.202668,Second Class,Corporate,North,Electronics,Tablet,4,950.76,0.05,3612.89,598.21,February,2023Q1
ORD-1190,2023-02-27 16:21:13.060884,Standard Class,Home Office,West,Electronics,Tablet,6,725.13,0.0,4350.78,903.33,February,2023Q1
ORD-1191,2023-02-27 23:38:22.919099,Standard Class,Consumer,South,Clothing,Shoes,1,110.2,0.1,99.18,31.7,February,2023Q1
ORD-1192,2023-02-28 06:55:32.777314,Standard Class,Corporate,North,Sports,Cricket Bat,3,172.83,0.0,518.49,79.72,February,2023Q1
ORD-1193,2023-02-28 14:12:42.635529,Standard Class,Corporate,South,Office Supplies,Stapler,2,41.37,0.15,70.33,18.75,February,2023Q1
ORD-1194,2023-02-28 21:29:52.493744,Second Class,Corporate,North,Furniture,Bookshelf,6,504.24,0.25,2269.08,592.09,February,2023Q1
ORD-1195,2023-03-01 04:47:02.351959,Same Day,Consumer,North,Furniture,Filing Cabinet,4,502.4,0.0,2009.6,380.08,March,2023Q1
ORD-1196,2023-03-01 12:04:12.210175,First Class,Consumer,West,Office Supplies,Folders,1,37.48,0.05,35.61,8.86,March,2023Q1
ORD-1197,2023-03-01 19:21:22.068390,First Class,Consumer,South,Clothing,Formal Shirt,1,170.41,0.0,170.41,50.92,March,2023Q1
ORD-1198,2023-03-02 02:38:31.926605,Standard Class,Corporate,East,Clothing,Shoes,6,87.61,0.0,525.66,169.82,March,2023Q1
ORD-1199,2023-03-02 09:55:41.784820,Standard Class,Consumer,East,Clothing,Formal Shirt,1,184.59,0.2,147.67,38.18,March,2023Q1
ORD-1200,2023-03-02 17:12:51.643035,Second Class,Home Office,East,Office Supplies,Folders,2,54.57,0.0,109.14,28.38,March,2023Q1
ORD-1201,2023-03-03 00:30:01.501251,First Class,Consumer,North,Electronics,Monitor,1,398.08,0.05,378.18,63.93,March,2023Q1
ORD-1202,2023-03-03 07:47:11.359466,Standard Class,Corporate,North,Electronics,Smartphone,7,523.24,0.15,3113.28,449.48,March,2023Q1
ORD-1203,2023-03-03 15:04:21.217681,Standard Class,Consumer,East,Clothing,Accessories,5,110.86,0.2,443.44,128.28,March,2023Q1
ORD-1204,2023-03-03 22:21:31.075896,Standard Class,Consumer,West,Office Supplies,Printer Paper,7,31.99,0.05,212.73,74.29,March,2023Q1
ORD-1205,2023-03-04 05:38:40.934111,Second Class,Consumer,North,Electronics,Smartwatch,5,686.32,0.05,3260.02,718.88,March,2023Q1
ORD-1206,2023-03-04 12:55:50.792326,Standard Class,Consumer,North,Electronics,Headphones,1,700.3,0.1,630.27,81.22,March,2023Q1
ORD-1207,2023-03-04 20:13:00.650542,Standard Class,Corporate,South,Office Supplies,Printer Paper,6,80.2,0.25,360.9,112.3,March,2023Q1
ORD-1208,2023-03-05 03:30:10.508757,Standard Class,Home Office,West,Electronics,Headphones,5,291.0,0.1,1309.5,195.3,March,2023Q1
ORD-1209,2023-03-05 10:47:20.366972,Standard Class,Corporate,North,Electronics,Camera,4,659.69,0.05,2506.82,408.15,March,2023Q1
ORD-1210,2023-03-05 18:04:30.225187,First Class,Home Office,South,Office Supplies,Printer Paper,5,30.81,0.0,154.05,54.12,March,2023Q1
ORD-1211,2023-03-06 01:21:40.083402,Standard Class,Home Office,West,Office Supplies,Printer Paper,7,77.48,0.0,542.36,132.64,March,2023Q1
ORD-1212,2023-03-06 08:38:49.941618,Second Class,Corporate,North,Office Supplies,Pens Set,1,31.01,0.05,29.46,9.57,March,2023Q1
ORD-1213,2023-03-06 15:55:59.799833,Second Class,Corporate,North,Electronics,Laptop,6,926.44,0.2,4446.91,874.68,March,2023Q1
ORD-1214,2023-03-06 23:13:09.658048,First Class,Corporate,East,Office Supplies,Stapler,3,77.55,0.15,197.75,75.49,March,2023Q1
ORD-1215,2023-03-07 06:30:19.516263,Standard Class,Consumer,West,Electronics,Laptop,6,635.32,0.25,2858.94,599.57,March,2023Q1
ORD-1216,2023-03-07 13:47:29.374478,Same Day,Corporate,North,Furniture,Sofa,6,365.79,0.05,2085.0,542.27,March,2023Q1
ORD-1217,2023-03-07 21:04:39.232693,Standard Class,Consumer,South,Office Supplies,Pens Set,6,36.41,0.15,185.69,56.76,March,2023Q1
ORD-1218,2023-03-08 04:21:49.090909,Same Day,Corporate,South,Office Supplies,Folders,4,47.95,0.15,163.03,39.72,March,2023Q1
ORD-1219,2023-03-08 11:38:58.949124,First Class,Corporate,South,Clothing,Trousers,2,169.18,0.1,304.52,72.73,March,2023Q1
ORD-1220,2023-03-08 18:56:08.807339,Standard Class,Consumer,East,Office Supplies,Printer Paper,7,92.12,0.0,644.84,199.2,March,2023Q1
ORD-1221,2023-03-09 02:13:18.665554,Standard Class,Consumer,South,Office Supplies,Pens Set,1,27.05,0.05,25.7,8.54,March,2023Q1
ORD-1222,2023-03-09 09:30:28.523769,Standard Class,Home Office,South,Electronics,Monitor,2,697.78,0.15,1186.23,227.32,March,2023Q1
ORD-1223,2023-03-09 16:47:38.381984,Standard Class,Corporate,South,Furniture,Desk,3,490.25,0.0,1470.75,302.98,March,2023Q1
ORD-1224,2023-03-10 00:04:48.240200,Standard Class,Consumer,East,Electronics,Headphones,2,715.5,0.2,1144.8,177.05,March,2023Q1
ORD-1225,2023-03-10 07:21:58.098415,Standard Class,Corporate,East,Electronics,Camera,1,328.81,0.0,328.81,47.4,March,2023Q1
ORD-1226,2023-03-10 14:39:07.956630,Standard Class,Corporate,West,Sports,Cricket Bat,7,113.8,0.1,716.94,160.07,March,2023Q1
ORD-1227,2023-03-10 21:56:17.814845,Standard Class,Corporate,North,Furniture,Bookshelf,7,280.15,0.1,1764.94,422.16,March,2023Q1
ORD-1228,2023-03-11 05:13:27.673060,Standard Class,Home Office,West,Clothing,Jacket,1,164.11,0.1,147.7,41.08,March,2023Q1
ORD-1229,2023-03-11 12:30:37.531276,Standard Class,Corporate,West,Office Supplies,Pens Set,3,60.35,0.05,172.0,47.65,March,2023Q1
ORD-1230,2023-03-11 19:47:47.389491,Standard Class,Consumer,South,Clothing,Accessories,1,117.21,0.2,93.77,20.1,March,2023Q1
ORD-1231,2023-03-12 03:04:57.247706,Standard Class,Corporate,South,Office Supplies,Printer Paper,3,94.31,0.1,254.64,88.3,March,2023Q1
ORD-1232,2023-03-12 10:22:07.105921,Standard Class,Home Office,South,Office Supplies,Stapler,3,72.87,0.0,218.61,76.35,March,2023Q1
ORD-1233,2023-03-12 17:39:16.964136,Standard Class,Consumer,North,Furniture,Filing Cabinet,1,570.6,0.1,513.54,109.97,March,2023Q1
ORD-1234,2023-03-13 00:56:26.822351,First Class,Consumer,South,Electronics,Smartphone,5,598.69,0.0,2993.45,575.0,March,2023Q1
ORD-1235,2023-03-13 08:13:36.680567,Standard Class,Consumer,North,Office Supplies,Folders,7,37.76,0.0,264.32,73.28,March,2023Q1
ORD-1236,2023-03-13 15:30:46.538782,Standard Class,Corporate,North,Electronics,Monitor,3,939.55,0.0,2818.65,568.83,March,2023Q1
ORD-1237,2023-03-13 22:47:56.396997,Standard Class,Corporate,West,Electronics,Laptop,1,600.27,0.15,510.23,110.34,March,2023Q1
ORD-1238,2023-03-14 06:05:06.255212,First Class,Corporate,South,Office Supplies,Stapler,5,40.08,0.05,190.38,63.56,March,2023Q1
ORD-1239,2023-03-14 13:22:16.113427,First Class,Home Office,West,Electronics,Smartphone,7,487.72,0.1,3072.64,557.25,March,2023Q1
ORD-1240,2023-03-14 20:39:25.971643,First Class,Corporate,East,Sports,Yoga Mat,3,81.75,0.0,245.25,47.83,March,2023Q1
ORD-1241,2023-03-15 03:56:35.829858,Second Class,Consumer,West,Sports,Cricket Bat,7,161.91,0.0,1133.37,246.03,March,2023Q1
ORD-1242,2023-03-15 11:13:45.688073,Standard Class,Consumer,East,Sports,Yoga Mat,5,235.8,0.2,943.2,208.99,March,2023Q1
ORD-1243,2023-03-15 18:30:55.546288,Standard Class,Consumer,North,Furniture,Desk,7,586.24,0.1,3693.31,841.16,March,2023Q1
ORD-1244,2023-03-16 01:48:05.404503,Standard Class,Consumer,East,Electronics,Monitor,4,941.47,0.2,3012.7,582.94,March,2023Q1
ORD-1245,2023-03-16 09:05:15.262718,First Class,Corporate,North,Sports,Cycle,6,96.04,0.0,576.24,87.35,March,2023Q1
ORD-1246,2023-03-16 16:22:25.120934,Second Class,Home Office,South,Furniture,Filing Cabinet,4,339.16,0.0,1356.64,379.36,March,2023Q1
ORD-1247,2023-03-16 23:39:34.979149,Second Class,Consumer,West,Sports,Cycle,5,77.42,0.15,329.04,77.29,March,2023Q1
ORD-1248,2023-03-17 06:56:44.837364,Standard Class,Corporate,North,Sports,Gym Equipment,3,236.19,0.1,637.71,117.89,March,2023Q1
ORD-1249,2023-03-17 14:13:54.695579,First Class,Corporate,South,Clothing,Shoes,1,99.79,0.0,99.79,25.89,March,2023Q1
ORD-1250,2023-03-17 21:31:04.553794,Standard Class,Consumer,East,Electronics,Smartwatch,2,724.4,0.0,1448.8,189.95,March,2023Q1
ORD-1251,2023-03-18 04:48:14.412010,Standard Class,Consumer,West,Furniture,Office Chair,1,488.27,0.15,415.03,66.17,March,2023Q1
ORD-1252,2023-03-18 12:05:24.270225,Standard Class,Consumer,East,Clothing,Shoes,7,109.46,0.05,727.91,154.77,March,2023Q1
ORD-1253,2023-03-18 19:22:34.128440,Standard Class,Consumer,North,Furniture,Desk,2,305.29,0.1,549.52,134.65,March,2023Q1
ORD-1254,2023-03-19 02:39:43.986655,Standard Class,Home Office,East,Electronics,Monitor,2,962.79,0.0,1925.58,419.84,March,2023Q1
ORD-1255,2023-03-19 09:56:53.844870,First Class,Consumer,South,Office Supplies,Notebooks,7,96.44,0.0,675.08,209.72,March,2023Q1
ORD-1256,2023-03-19 17:14:03.703085,Standard Class,Consumer,East,Sports,Football,7,127.57,0.25,669.74,136.53,March,2023Q1
ORD-1257,2023-03-20 00:31:13.561301,Standard Class,Corporate,West,Office Supplies,Notebooks,3,61.53,0.0,184.59,52.13,March,2023Q1
ORD-1258,2023-03-20 07:48:23.419516,Standard Class,Home Office,East,Office Supplies,Notebooks,5,97.04,0.05,460.94,110.21,March,2023Q1
ORD-1259,2023-03-20 15:05:33.277731,Standard Class,Consumer,West,Electronics,Headphones,1,273.51,0.15,232.48,32.26,March,2023Q1
ORD-1260,2023-03-20 22:22:43.135946,First Class,Consumer,North,Office Supplies,Pens Set,5,56.71,0.0,283.55,98.37,March,2023Q1
ORD-1261,2023-03-21 05:39:52.994161,Second Class,Consumer,East,Sports,Football,4,91.29,0.05,346.9,87.18,March,2023Q1
ORD-1262,2023-03-21 12:57:02.852376,Second Class,Consumer,West,Electronics,Smartwatch,3,636.59,0.1,1718.79,301.64,March,2023Q1
ORD-1263,2023-03-21 20:14:12.710592,First Class,Consumer,North,Office Supplies,Folders,3,28.78,0.05,82.02,26.96,March,2023Q1
ORD-1264,2023-03-22 03:31:22.568807,Second Class,Corporate,West,Clothing,Formal Shirt,4,106.34,0.05,404.09,126.14,March,2023Q1
ORD-1265,2023-03-22 10:48:32.427022,Standard Class,Consumer,North,Office Supplies,Printer Paper,1,42.89,0.0,42.89,9.7,March,2023Q1
ORD-1266,2023-03-22 18:05:42.285237,Second Class,Consumer,East,Office Supplies,Printer Paper,6,65.4,0.05,372.78,129.98,March,2023Q1
ORD-1267,2023-03-23 01:22:52.143452,Standard Class,Corporate,West,Office Supplies,Folders,4,98.71,0.1,355.36,114.08,March,2023Q1
ORD-1268,2023-03-23 08:40:02.001668,Standard Class,Consumer,East,Furniture,Bookshelf,1,526.64,0.1,473.98,110.45,March,2023Q1
ORD-1269,2023-03-23 15:57:11.859883,Standard Class,Consumer,North,Electronics,Smartphone,2,878.86,0.0,1757.72,277.01,March,2023Q1
ORD-1270,2023-03-23 23:14:21.718098,Second Class,Consumer,East,Clothing,Jacket,7,137.4,0.1,865.62,240.28,March,2023Q1
ORD-1271,2023-03-24 06:31:31.576313,Second Class,Home Office,East,Clothing,Trousers,3,56.65,0.2,135.96,40.0,March,2023Q1
ORD-1272,2023-03-24 13:48:41.434528,Standard Class,Consumer,West,Clothing,Accessories,1,79.12,0.05,75.16,14.43,March,2023Q1
ORD-1273,2023-03-24 21:05:51.292743,Second Class,Home Office,South,Sports,Cricket Bat,5,249.61,0.1,1123.25,229.17,March,2023Q1
ORD-1274,2023-03-25 04:23:01.150959,First Class,Corporate,South,Office Supplies,Printer Paper,7,53.36,0.05,354.84,80.98,March,2023Q1
ORD-1275,2023-03-25 11:40:11.009174,Standard Class,Consumer,East,Office Supplies,Notebooks,5,34.46,0.15,146.46,53.76,March,2023Q1
ORD-1276,2023-03-25 18:57:20.867389,Standard Class,Home Office,South,Clothing,Formal Shirt,7,146.53,0.2,820.57,206.08,March,2023Q1
ORD-1277,2023-03-26 02:14:30.725604,Second Class,Consumer,East,Office Supplies,Folders,3,48.56,0.0,145.68,51.78,March,2023Q1
ORD-1278,2023-03-26 09:31:40.583819,Standard Class,Consumer,East,Office Supplies,Printer Paper,4,46.36,0.05,176.17,48.67,March,2023Q1
ORD-1279,2023-03-26 16:48:50.442035,Second Class,Corporate,West,Clothing,Jacket,6,186.72,0.0,1120.32,217.08,March,2023Q1
ORD-1280,2023-03-27 00:06:00.300250,Standard Class,Corporate,East,Clothing,Shoes,4,167.71,0.05,637.3,115.49,March,2023Q1
ORD-1281,2023-03-27 07:23:10.158465,Standard Class,Corporate,East,Furniture,Office Chair,1,350.76,0.0,350.76,67.05,March,2023Q1
ORD-1282,2023-03-27 14:40:20.016680,Second Class,Consumer,North,Furniture,Office Chair,4,607.16,0.15,2064.34,384.46,March,2023Q1
ORD-1283,2023-03-27 21:57:29.874895,Second Class,Consumer,North,Electronics,Camera,3,738.08,0.0,2214.24,413.0,March,2023Q1
ORD-1284,2023-03-28 05:14:39.733110,First Class,Corporate,North,Office Supplies,Printer Paper,1,80.43,0.05,76.41,16.35,March,2023Q1
ORD-1285,2023-03-28 12:31:49.591326,First Class,Consumer,North,Electronics,Headphones,2,292.69,0.1,526.84,96.0,March,2023Q1
ORD-1286,2023-03-28 19:48:59.449541,Second Class,Consumer,East,Furniture,Office Chair,4,222.48,0.0,889.92,183.07,March,2023Q1
ORD-1287,2023-03-29 03:06:09.307756,Second Class,Consumer,East,Office Supplies,Stapler,4,72.58,0.2,232.26,72.9,March,2023Q1
ORD-1288,2023-03-29 10:23:19.165971,Standard Class,Consumer,East,Electronics,Smartwatch,6,917.3,0.15,4678.23,944.35,March,2023Q1
ORD-1289,2023-03-29 17:40:29.024186,Standard Class,Home Office,West,Office Supplies,Folders,1,71.91,0.05,68.31,22.14,March,2023Q1
ORD-1290,2023-03-30 00:57:38.882402,Standard Class,Consumer,West,Electronics,Headphones,5,366.5,0.05,1740.88,404.48,March,2023Q1
ORD-1291,2023-03-30 08:14:48.740617,First Class,Home Office,West,Electronics,Smartwatch,4,353.35,0.0,1413.4,199.19,March,2023Q1
ORD-1292,2023-03-30 15:31:58.598832,Standard Class,Consumer,East,Clothing,Formal Shirt,3,165.81,0.1,447.69,107.2,March,2023Q1
ORD-1293,2023-03-30 22:49:08.457047,Standard Class,Corporate,East,Furniture,Office Chair,4,230.41,0.0,921.64,193.62,March,2023Q1
ORD-1294,2023-03-31 06:06:18.315262,Standard Class,Consumer,South,Electronics,Headphones,6,644.57,0.1,3480.68,595.34,March,2023Q1
ORD-1295,2023-03-31 13:23:28.173477,Second Class,Consumer,North,Office Supplies,Printer Paper,2,29.67,0.15,50.44,16.62,March,2023Q1
ORD-1296,2023-03-31 20:40:38.031693,First Class,Consumer,South,Clothing,Shoes,6,61.97,0.0,371.82,92.39,March,2023Q1
ORD-1297,2023-04-01 03:57:47.889908,Standard Class,Consumer,West,Electronics,Tablet,4,754.09,0.15,2563.91,466.33,April,2023Q2
ORD-1298,2023-04-01 11:14:57.748123,First Class,Corporate,West,Office Supplies,Folders,5,76.62,0.0,383.1,110.27,April,2023Q2
ORD-1299,2023-04-01 18:32:07.606338,Standard Class,Home Office,North,Electronics,Headphones,7,515.86,0.2,2888.82,673.39,April,2023Q2
ORD-1300,2023-04-02 01:49:17.464553,Standard Class,Corporate,South,Electronics,Smartphone,4,425.24,0.0,1700.96,384.72,April,2023Q2
ORD-1301,2023-04-02 09:06:27.322768,First Class,Consumer,West,Office Supplies,Pens Set,1,85.59,0.1,77.03,20.44,April,2023Q2
ORD-1302,2023-04-02 16:23:37.180984,Standard Class,Consumer,North,Office Supplies,Notebooks,4,42.63,0.0,170.52,39.23,April,2023Q2
ORD-1303,2023-04-02 23:40:47.039199,Same Day,Consumer,South,Office Supplies,Folders,5,66.03,0.15,280.63,101.35,April,2023Q2
ORD-1304,2023-04-03 06:57:56.897414,Standard Class,Corporate,West,Office Supplies,Printer Paper,1,96.71,0.05,91.87,35.78,April,2023Q2
ORD-1305,2023-04-03 14:15:06.755629,Standard Class,Corporate,South,Sports,Cricket Bat,3,100.39,0.0,301.17,52.74,April,2023Q2
ORD-1306,2023-04-03 21:32:16.613844,First Class,Home Office,North,Office Supplies,Folders,1,94.74,0.05,90.0,24.7,April,2023Q2
ORD-1307,2023-04-04 04:49:26.472060,Standard Class,Consumer,East,Furniture,Office Chair,6,249.94,0.05,1424.66,396.48,April,2023Q2
ORD-1308,2023-04-04 12:06:36.330275,Same Day,Corporate,West,Clothing,Jacket,2,128.17,0.1,230.71,64.98,April,2023Q2
ORD-1309,2023-04-04 19:23:46.188490,Same Day,Consumer,East,Electronics,Camera,6,541.45,0.2,2598.96,410.45,April,2023Q2
ORD-1310,2023-04-05 02:40:56.046705,Standard Class,Corporate,North,Furniture,Filing Cabinet,7,600.29,0.05,3991.93,920.93,April,2023Q2
ORD-1311,2023-04-05 09:58:05.904920,Standard Class,Corporate,South,Electronics,Smartwatch,1,466.95,0.0,466.95,106.45,April,2023Q2
ORD-1312,2023-04-05 17:15:15.763135,Standard Class,Corporate,South,Electronics,Tablet,3,557.75,0.0,1673.25,357.53,April,2023Q2
ORD-1313,2023-04-06 00:32:25.621351,Standard Class,Corporate,East,Sports,Cycle,4,260.71,0.05,990.7,226.89,April,2023Q2
ORD-1314,2023-04-06 07:49:35.479566,Standard Class,Consumer,East,Clothing,Formal Shirt,1,123.96,0.05,117.76,33.63,April,2023Q2
ORD-1315,2023-04-06 15:06:45.337781,Standard Class,Corporate,North,Office Supplies,Notebooks,6,63.19,0.0,379.14,91.77,April,2023Q2
ORD-1316,2023-04-06 22:23:55.195996,Standard Class,Consumer,West,Furniture,Bookshelf,1,283.48,0.0,283.48,74.51,April,2023Q2
ORD-1317,2023-04-07 05:41:05.054211,Standard Class,Corporate,North,Electronics,Camera,1,774.98,0.05,736.23,114.72,April,2023Q2
ORD-1318,2023-04-07 12:58:14.912427,Same Day,Consumer,South,Electronics,Headphones,1,280.35,0.25,210.26,47.62,April,2023Q2
ORD-1319,2023-04-07 20:15:24.770642,First Class,Corporate,North,Electronics,Smartphone,3,305.65,0.0,916.95,151.65,April,2023Q2
ORD-1320,2023-04-08 03:32:34.628857,Second Class,Home Office,South,Office Supplies,Printer Paper,5,70.15,0.05,333.21,121.41,April,2023Q2
ORD-1321,2023-04-08 10:49:44.487072,Standard Class,Home Office,East,Office Supplies,Folders,5,51.6,0.1,232.2,59.89,April,2023Q2
ORD-1322,2023-04-08 18:06:54.345287,First Class,Corporate,East,Office Supplies,Pens Set,1,95.64,0.1,86.08,26.05,April,2023Q2
ORD-1323,2023-04-09 01:24:04.203502,Standard Class,Corporate,North,Electronics,Tablet,3,920.3,0.0,2760.9,379.74,April,2023Q2
ORD-1324,2023-04-09 08:41:14.061718,Second Class,Corporate,East,Sports,Football,3,209.03,0.1,564.38,123.72,April,2023Q2
ORD-1325,2023-04-09 15:58:23.919933,Same Day,Corporate,North,Office Supplies,Pens Set,7,85.91,0.15,511.16,184.27,April,2023Q2
ORD-1326,2023-04-09 23:15:33.778148,Standard Class,Home Office,East,Office Supplies,Notebooks,1,75.05,0.0,75.05,25.47,April,2023Q2
ORD-1327,2023-04-10 06:32:43.636363,Second Class,Consumer,West,Office Supplies,Pens Set,6,36.04,0.05,205.43,62.49,April,2023Q2
ORD-1328,2023-04-10 13:49:53.494578,First Class,Home Office,South,Furniture,Filing Cabinet,6,510.96,0.0,3065.76,490.38,April,2023Q2
ORD-1329,2023-04-10 21:07:03.352793,First Class,Home Office,East,Electronics,Laptop,2,421.34,0.0,842.68,191.13,April,2023Q2
ORD-1330,2023-04-11 04:24:13.211009,Second Class,Corporate,South,Furniture,Bookshelf,1,312.9,0.05,297.25,73.46,April,2023Q2
ORD-1331,2023-04-11 11:41:23.069224,Standard Class,Consumer,North,Clothing,Trousers,2,162.42,0.1,292.36,83.87,April,2023Q2
ORD-1332,2023-04-11 18:58:32.927439,Standard Class,Consumer,South,Electronics,Monitor,6,656.3,0.0,3937.8,834.13,April,2023Q2
ORD-1333,2023-04-12 02:15:42.785654,Standard Class,Home Office,East,Electronics,Headphones,6,889.16,0.05,5068.21,1047.88,April,2023Q2
ORD-1334,2023-04-12 09:32:52.643869,Second Class,Consumer,East,Electronics,Camera,1,423.39,0.05,402.22,69.84,April,2023Q2
ORD-1335,2023-04-12 16:50:02.502085,Standard Class,Home Office,North,Electronics,Headphones,2,707.6,0.05,1344.44,275.92,April,2023Q2
ORD-1336,2023-04-13 00:07:12.360300,First Class,Consumer,West,Clothing,Accessories,2,62.4,0.1,112.32,30.19,April,2023Q2
ORD-1337,2023-04-13 07:24:22.218515,Standard Class,Consumer,East,Office Supplies,Printer Paper,1,73.3,0.0,73.3,26.66,April,2023Q2
ORD-1338,2023-04-13 14:41:32.076730,Standard Class,Home Office,West,Furniture,Desk,7,509.62,0.2,2853.87,741.79,April,2023Q2
ORD-1339,2023-04-13 21:58:41.934945,Standard Class,Corporate,East,Electronics,Smartphone,2,691.15,0.05,1313.18,171.33,April,2023Q2
ORD-1340,2023-04-14 05:15:51.793160,Second Class,Corporate,East,Furniture,Sofa,7,287.27,0.05,1910.35,389.74,April,2023Q2
ORD-1341,2023-04-14 12:33:01.651376,Standard Class,Corporate,North,Furniture,Desk,4,182.04,0.15,618.94,98.15,April,2023Q2
ORD-1342,2023-04-14 19:50:11.509591,Standard Class,Consumer,North,Electronics,Smartwatch,6,356.0,0.0,2136.0,292.68,April,2023Q2
ORD-1343,2023-04-15 03:07:21.367806,Standard Class,Corporate,West,Furniture,Office Chair,5,446.79,0.0,2233.95,521.37,April,2023Q2
ORD-1344,2023-04-15 10:24:31.226021,Standard Class,Consumer,North,Furniture,Filing Cabinet,7,586.62,0.1,3695.71,995.42,April,2023Q2
ORD-1345,2023-04-15 17:41:41.084236,Standard Class,Home Office,West,Office Supplies,Folders,7,41.87,0.05,278.44,64.48,April,2023Q2
ORD-1346,2023-04-16 00:58:50.942452,First Class,Home Office,East,Office Supplies,Pens Set,7,79.92,0.2,447.55,130.32,April,2023Q2
ORD-1347,2023-04-16 08:16:00.800667,Standard Class,Consumer,North,Electronics,Laptop,3,893.84,0.25,2011.14,451.25,April,2023Q2
ORD-1348,2023-04-16 15:33:10.658882,Standard Class,Corporate,North,Furniture,Desk,2,401.36,0.0,802.72,209.9,April,2023Q2
ORD-1349,2023-04-16 22:50:20.517097,First Class,Corporate,North,Office Supplies,Stapler,2,75.19,0.05,142.86,43.36,April,2023Q2
ORD-1350,2023-04-17 06:07:30.375312,Same Day,Consumer,West,Office Supplies,Pens Set,3,85.68,0.05,244.19,85.19,April,2023Q2
ORD-1351,2023-04-17 13:24:40.233527,Second Class,Home Office,South,Clothing,Trousers,2,86.45,0.0,172.9,43.81,April,2023Q2
ORD-1352,2023-04-17 20:41:50.091743,Standard Class,Consumer,South,Office Supplies,Pens Set,3,48.38,0.15,123.37,29.42,April,2023Q2
ORD-1353,2023-04-18 03:58:59.949958,First Class,Consumer,South,Electronics,Laptop,7,270.45,0.1,1703.83,237.64,April,2023Q2
ORD-1354,2023-04-18 11:16:09.808173,Same Day,Corporate,North,Electronics,Smartphone,1,963.43,0.05,915.26,133.94,April,2023Q2
ORD-1355,2023-04-18 18:33:19.666388,Second Class,Corporate,South,Office Supplies,Notebooks,4,93.06,0.0,372.24,101.68,April,2023Q2
ORD-1356,2023-04-19 01:50:29.524603,Standard Class,Corporate,North,Electronics,Headphones,7,820.49,0.0,5743.43,1300.87,April,2023Q2
ORD-1357,2023-04-19 09:07:39.382819,Standard Class,Corporate,West,Office Supplies,Stapler,4,32.69,0.0,130.76,46.28,April,2023Q2
ORD-1358,2023-04-19 16:24:49.241034,Second Class,Corporate,South,Sports,Gym Equipment,6,157.92,0.15,805.39,154.58,April,2023Q2
ORD-1359,2023-04-19 23:41:59.099249,Standard Class,Corporate,South,Office Supplies,Printer Paper,7,34.34,0.0,240.38,71.81,April,2023Q2
ORD-1360,2023-04-20 06:59:08.957464,Standard Class,Consumer,South,Furniture,Office Chair,5,175.13,0.15,744.3,140.72,April,2023Q2
ORD-1361,2023-04-20 14:16:18.815679,First Class,Consumer,South,Office Supplies,Notebooks,2,71.37,0.1,128.47,43.27,April,2023Q2
ORD-1362,2023-04-20 21:33:28.673894,Second Class,Consumer,West,Furniture,Bookshelf,5,598.45,0.1,2693.02,700.09,April,2023Q2
ORD-1363,2023-04-21 04:50:38.532110,Standard Class,Consumer,East,Office Supplies,Folders,1,92.01,0.05,87.41,22.11,April,2023Q2
ORD-1364,2023-04-21 12:07:48.390325,Second Class,Corporate,North,Sports,Cycle,4,205.78,0.1,740.81,107.43,April,2023Q2
ORD-1365,2023-04-21 19:24:58.248540,Standard Class,Consumer,East,Furniture,Office Chair,7,211.29,0.1,1331.13,314.62,April,2023Q2
ORD-1366,2023-04-22 02:42:08.106755,Standard Class,Consumer,North,Sports,Cricket Bat,1,124.64,0.1,112.18,23.28,April,2023Q2
ORD-1367,2023-04-22 09:59:17.964970,Second Class,Consumer,North,Sports,Yoga Mat,1,133.45,0.05,126.78,23.87,April,2023Q2
ORD-1368,2023-04-22 17:16:27.823185,Standard Class,Home Office,West,Electronics,Smartphone,2,819.47,0.05,1556.99,304.45,April,2023Q2
ORD-1369,2023-04-23 00:33:37.681401,Standard Class,Home Office,East,Electronics,Smartphone,1,847.62,0.1,762.86,141.48,April,2023Q2
ORD-1370,2023-04-23 07:50:47.539616,Same Day,Corporate,West,Electronics,Camera,7,547.28,0.0,3830.96,586.38,April,2023Q2
ORD-1371,2023-04-23 15:07:57.397831,Standard Class,Home Office,South,Electronics,Monitor,7,570.88,0.05,3796.35,641.41,April,2023Q2
ORD-1372,2023-04-23 22:25:07.256046,Standard Class,Corporate,East,Electronics,Laptop,4,302.05,0.25,906.15,156.07,April,2023Q2
ORD-1373,2023-04-24 05:42:17.114261,Same Day,Corporate,North,Office Supplies,Notebooks,7,47.82,0.0,334.74,123.33,April,2023Q2
ORD-1374,2023-04-24 12:59:26.972477,Second Class,Consumer,North,Electronics,Laptop,5,594.93,0.0,2974.65,683.51,April,2023Q2
ORD-1375,2023-04-24 20:16:36.830692,Second Class,Corporate,West,Furniture,Office Chair,4,220.41,0.0,881.64,239.7,April,2023Q2
ORD-1376,2023-04-25 03:33:46.688907,First Class,Corporate,South,Clothing,Accessories,2,112.64,0.1,202.75,57.35,April,2023Q2
ORD-1377,2023-04-25 10:50:56.547122,Standard Class,Corporate,West,Electronics,Laptop,4,884.29,0.0,3537.16,669.16,April,2023Q2
ORD-1378,2023-04-25 18:08:06.405337,Second Class,Corporate,East,Clothing,Accessories,3,130.06,0.1,351.16,97.76,April,2023Q2
ORD-1379,2023-04-26 01:25:16.263552,Standard Class,Corporate,North,Electronics,Smartwatch,5,326.83,0.0,1634.15,371.64,April,2023Q2
ORD-1380,2023-04-26 08:42:26.121768,First Class,Corporate,East,Electronics,Monitor,3,408.0,0.0,1224.0,187.27,April,2023Q2
ORD-1381,2023-04-26 15:59:35.979983,Standard Class,Home Office,East,Office Supplies,Notebooks,3,61.17,0.1,165.16,50.59,April,2023Q2
ORD-1382,2023-04-26 23:16:45.838198,Second Class,Consumer,North,Office Supplies,Stapler,6,53.03,0.0,318.18,106.31,April,2023Q2
ORD-1383,2023-04-27 06:33:55.696413,Standard Class,Corporate,West,Clothing,Shoes,7,99.79,0.25,523.9,145.06,April,2023Q2
ORD-1384,2023-04-27 13:51:05.554628,Standard Class,Consumer,East,Office Supplies,Pens Set,2,65.11,0.0,130.22,33.26,April,2023Q2
ORD-1385,2023-04-27 21:08:15.412844,Second Class,Corporate,North,Clothing,Accessories,1,130.48,0.05,123.96,32.6,April,2023Q2
ORD-1386,2023-04-28 04:25:25.271059,Second Class,Corporate,East,Electronics,Camera,3,843.74,0.0,2531.22,536.51,April,2023Q2
ORD-1387,2023-04-28 11:42:35.129274,Second Class,Consumer,West,Electronics,Camera,4,515.5,0.0,2062.0,365.61,April,2023Q2
ORD-1388,2023-04-28 18:59:44.987489,Standard Class,Corporate,North,Clothing,Shoes,1,160.54,0.25,120.4,35.4,April,2023Q2
ORD-1389,2023-04-29 02:16:54.845704,Standard Class,Consumer,West,Clothing,Jacket,4,97.05,0.2,310.56,71.11,April,2023Q2
ORD-1390,2023-04-29 09:34:04.703919,Second Class,Corporate,North,Sports,Cricket Bat,4,82.64,0.0,330.56,83.52,April,2023Q2
ORD-1391,2023-04-29 16:51:14.562135,First Class,Consumer,East,Furniture,Desk,1,416.28,0.05,395.47,88.77,April,2023Q2
ORD-1392,2023-04-30 00:08:24.420350,Second Class,Corporate,East,Furniture,Filing Cabinet,1,431.38,0.1,388.24,90.33,April,2023Q2
ORD-1393,2023-04-30 07:25:34.278565,First Class,Consumer,South,Clothing,Formal Shirt,7,178.1,0.0,1246.7,224.04,April,2023Q2
ORD-1394,2023-04-30 14:42:44.136780,First Class,Corporate,South,Furniture,Bookshelf,4,493.28,0.0,1973.12,348.21,April,2023Q2
ORD-1395,2023-04-30 21:59:53.994995,Standard Class,Consumer,East,Sports,Cycle,2,248.21,0.2,397.14,85.76,April,2023Q2
ORD-1396,2023-05-01 05:17:03.853211,Second Class,Home Office,South,Clothing,Jacket,7,174.54,0.25,916.34,218.07,May,2023Q2
ORD-1397,2023-05-01 12:34:13.711426,First Class,Home Office,East,Furniture,Office Chair,5,438.85,0.25,1645.69,363.83,May,2023Q2
ORD-1398,2023-05-01 19:51:23.569641,Second Class,Home Office,North,Clothing,Formal Shirt,6,122.78,0.15,626.18,115.5,May,2023Q2
ORD-1399,2023-05-02 03:08:33.427856,First Class,Corporate,West,Clothing,Accessories,5,126.81,0.1,570.64,171.26,May,2023Q2
ORD-1400,2023-05-02 10:25:43.286071,Second Class,Corporate,East,Electronics,Monitor,2,974.4,0.0,1948.8,410.66,May,2023Q2
ORD-1401,2023-05-02 17:42:53.144286,Standard Class,Consumer,West,Sports,Gym Equipment,7,220.45,0.0,1543.15,250.36,May,2023Q2
ORD-1402,2023-05-03 01:00:03.002502,Standard Class,Consumer,North,Office Supplies,Printer Paper,6,34.65,0.0,207.9,67.4,May,2023Q2
ORD-1403,2023-05-03 08:17:12.860717,Standard Class,Consumer,East,Clothing,Trousers,7,156.87,0.1,988.28,294.26,May,2023Q2
ORD-1404,2023-05-03 15:34:22.718932,Same Day,Corporate,East,Furniture,Filing Cabinet,1,244.4,0.15,207.74,49.57,May,2023Q2
ORD-1405,2023-05-03 22:51:32.577147,Second Class,Home Office,South,Clothing,Jacket,6,111.84,0.15,570.38,126.37,May,2023Q2
ORD-1406,2023-05-04 06:08:42.435362,Standard Class,Consumer,South,Furniture,Sofa,4,262.29,0.2,839.33,201.95,May,2023Q2
ORD-1407,2023-05-04 13:25:52.293577,First Class,Home Office,North,Electronics,Smartwatch,5,766.5,0.15,3257.62,484.51,May,2023Q2
ORD-1408,2023-05-04 20:43:02.151793,Standard Class,Corporate,East,Sports,Gym Equipment,6,240.44,0.25,1081.98,192.8,May,2023Q2
ORD-1409,2023-05-05 04:00:12.010008,Standard Class,Corporate,East,Electronics,Laptop,4,479.06,0.0,1916.24,291.13,May,2023Q2
ORD-1410,2023-05-05 11:17:21.868223,Second Class,Consumer,North,Furniture,Office Chair,7,204.74,0.1,1289.86,293.46,May,2023Q2
ORD-1411,2023-05-05 18:34:31.726438,Second Class,Consumer,East,Sports,Gym Equipment,2,129.31,0.05,245.69,37.59,May,2023Q2
ORD-1412,2023-05-06 01:51:41.584653,Standard Class,Corporate,South,Sports,Football,6,201.09,0.0,1206.54,304.04,May,2023Q2
ORD-1413,2023-05-06 09:08:51.442869,Standard Class,Corporate,North,Office Supplies,Printer Paper,4,50.67,0.25,152.01,41.05,May,2023Q2
ORD-1414,2023-05-06 16:26:01.301084,Standard Class,Consumer,West,Office Supplies,Pens Set,7,47.02,0.2,263.31,65.67,May,2023Q2
ORD-1415,2023-05-06 23:43:11.159299,Standard Class,Corporate,West,Furniture,Bookshelf,7,250.63,0.0,1754.41,385.17,May,2023Q2
ORD-1416,2023-05-07 07:00:21.017514,Standard Class,Home Office,East,Electronics,Tablet,7,628.21,0.0,4397.47,685.63,May,2023Q2
ORD-1417,2023-05-07 14:17:30.875729,Standard Class,Corporate,North,Furniture,Desk,2,291.63,0.1,524.93,117.9,May,2023Q2
ORD-1418,2023-05-07 21:34:40.733944,Standard Class,Home Office,East,Office Supplies,Pens Set,1,79.63,0.1,71.67,19.55,May,2023Q2
ORD-1419,2023-05-08 04:51:50.592160,Standard Class,Consumer,South,Clothing,Formal Shirt,2,61.42,0.2,98.27,19.14,May,2023Q2
ORD-1420,2023-05-08 12:09:00.450375,Standard Class,Consumer,South,Clothing,Jacket,2,141.31,0.0,282.62,60.73,May,2023Q2
ORD-1421,2023-05-08 19:26:10.308590,Standard Class,Corporate,South,Clothing,Accessories,5,83.31,0.0,416.55,100.29,May,2023Q2
ORD-1422,2023-05-09 02:43:20.166805,First Class,Consumer,East,Electronics,Smartphone,7,622.28,0.0,4355.96,563.1,May,2023Q2
ORD-1423,2023-05-09 10:00:30.025020,Second Class,Consumer,East,Furniture,Desk,4,296.17,0.0,1184.68,302.95,May,2023Q2
ORD-1424,2023-05-09 17:17:39.883236,Standard Class,Consumer,South,Electronics,Camera,6,790.39,0.0,4742.34,916.02,May,2023Q2
ORD-1425,2023-05-10 00:34:49.741451,Standard Class,Consumer,East,Office Supplies,Printer Paper,5,95.06,0.2,380.24,121.01,May,2023Q2
ORD-1426,2023-05-10 07:51:59.599666,Standard Class,Consumer,West,Furniture,Filing Cabinet,7,578.85,0.0,4051.95,916.06,May,2023Q2
ORD-1427,2023-05-10 15:09:09.457881,Standard Class,Consumer,South,Clothing,Accessories,3,130.35,0.05,371.5,97.91,May,2023Q2
ORD-1428,2023-05-10 22:26:19.316096,Standard Class,Consumer,East,Furniture,Desk,2,375.25,0.0,750.5,208.17,May,2023Q2
ORD-1429,2023-05-11 05:43:29.174311,Standard Class,Consumer,West,Electronics,Laptop,3,859.18,0.0,2577.54,327.16,May,2023Q2
ORD-1430,2023-05-11 13:00:39.032527,Standard Class,Corporate,South,Electronics,Headphones,7,761.99,0.15,4533.84,594.67,May,2023Q2
ORD-1431,2023-05-11 20:17:48.890742,First Class,Corporate,South,Clothing,Accessories,5,75.96,0.1,341.82,69.64,May,2023Q2
ORD-1432,2023-05-12 03:34:58.748957,Standard Class,Corporate,East,Office Supplies,Pens Set,4,86.11,0.1,310.0,74.44,May,2023Q2
ORD-1433,2023-05-12 10:52:08.607172,Standard Class,Consumer,East,Electronics,Smartwatch,5,578.8,0.05,2749.3,400.21,May,2023Q2
ORD-1434,2023-05-12 18:09:18.465387,First Class,Consumer,West,Electronics,Monitor,4,406.07,0.0,1624.28,322.53,May,2023Q2
ORD-1435,2023-05-13 01:26:28.323603,Standard Class,Corporate,South,Office Supplies,Printer Paper,4,47.29,0.05,179.7,52.6,May,2023Q2
ORD-1436,2023-05-13 08:43:38.181818,Standard Class,Corporate,West,Electronics,Headphones,7,462.62,0.0,3238.34,754.9,May,2023Q2
ORD-1437,2023-05-13 16:00:48.040033,Standard Class,Corporate,North,Clothing,Jacket,1,121.61,0.15,103.37,21.61,May,2023Q2
ORD-1438,2023-05-13 23:17:57.898248,Standard Class,Consumer,North,Office Supplies,Pens Set,7,43.87,0.0,307.09,81.67,May,2023Q2
ORD-1439,2023-05-14 06:35:07.756463,Second Class,Home Office,East,Electronics,Headphones,2,358.97,0.1,646.15,150.1,May,2023Q2
ORD-1440,2023-05-14 13:52:17.614678,Standard Class,Consumer,South,Electronics,Tablet,5,359.06,0.0,1795.3,387.48,May,2023Q2
ORD-1441,2023-05-14 21:09:27.472894,Standard Class,Consumer,North,Sports,Football,4,183.99,0.1,662.36,130.07,May,2023Q2
ORD-1442,2023-05-15 04:26:37.331109,Standard Class,Corporate,South,Furniture,Filing Cabinet,7,497.17,0.2,2784.15,632.58,May,2023Q2
ORD-1443,2023-05-15 11:43:47.189324,Standard Class,Corporate,North,Furniture,Filing Cabinet,7,312.05,0.1,1965.92,521.56,May,2023Q2
ORD-1444,2023-05-15 19:00:57.047539,First Class,Consumer,North,Clothing,Jacket,5,55.71,0.05,264.62,65.4,May,2023Q2
ORD-1445,2023-05-16 02:18:06.905754,Second Class,Consumer,West,Sports,Cycle,5,96.43,0.25,361.61,59.57,May,2023Q2
ORD-1446,2023-05-16 09:35:16.763969,Standard Class,Corporate,North,Sports,Yoga Mat,4,247.62,0.1,891.43,213.42,May,2023Q2
ORD-1447,2023-05-16 16:52:26.622185,Standard Class,Consumer,East,Clothing,Formal Shirt,6,118.12,0.0,708.72,181.2,May,2023Q2
ORD-1448,2023-05-17 00:09:36.480400,Standard Class,Consumer,East,Furniture,Sofa,3,371.2,0.0,1113.6,193.99,May,2023Q2
ORD-1449,2023-05-17 07:26:46.338615,First Class,Consumer,West,Electronics,Tablet,2,297.4,0.1,535.32,96.68,May,2023Q2
ORD-1450,2023-05-17 14:43:56.196830,Standard Class,Corporate,North,Clothing,Jacket,2,150.09,0.1,270.16,64.02,May,2023Q2
ORD-1451,2023-05-17 22:01:06.055045,Standard Class,Consumer,West,Office Supplies,Printer Paper,6,65.02,0.0,390.12,143.5,May,2023Q2
ORD-1452,2023-05-18 05:18:15.913261,Standard Class,Home Office,East,Furniture,Filing Cabinet,1,258.53,0.0,258.53,44.12,May,2023Q2
ORD-1453,2023-05-18 12:35:25.771476,Standard Class,Corporate,East,Sports,Cycle,6,93.13,0.25,419.08,102.69,May,2023Q2
ORD-1454,2023-05-18 19:52:35.629691,Standard Class,Home Office,East,Electronics,Camera,1,546.04,0.0,546.04,99.01,May,2023Q2
ORD-1455,2023-05-19 03:09:45.487906,Standard Class,Home Office,West,Furniture,Bookshelf,1,543.05,0.05,515.9,106.99,May,2023Q2
ORD-1456,2023-05-19 10:26:55.346121,Standard Class,Consumer,South,Electronics,Smartphone,6,893.01,0.0,5358.06,768.84,May,2023Q2
ORD-1457,2023-05-19 17:44:05.204336,Standard Class,Consumer,East,Furniture,Filing Cabinet,2,438.08,0.15,744.74,183.58,May,2023Q2
ORD-1458,2023-05-20 01:01:15.062552,Standard Class,Consumer,East,Electronics,Headphones,3,793.83,0.0,2381.49,538.44,May,2023Q2
ORD-1459,2023-05-20 08:18:24.920767,First Class,Consumer,East,Electronics,Smartwatch,2,352.91,0.1,635.24,105.79,May,2023Q2
ORD-1460,2023-05-20 15:35:34.778982,Standard Class,Corporate,West,Electronics,Headphones,7,693.45,0.0,4854.15,738.27,May,2023Q2
ORD-1461,2023-05-20 22:52:44.637197,Standard Class,Consumer,North,Office Supplies,Stapler,2,75.02,0.1,135.04,41.85,May,2023Q2
ORD-1462,2023-05-21 06:09:54.495412,Second Class,Consumer,West,Office Supplies,Folders,2,41.45,0.15,70.46,24.89,May,2023Q2
ORD-1463,2023-05-21 13:27:04.353628,Standard Class,Consumer,North,Office Supplies,Printer Paper,6,90.37,0.0,542.22,114.23,May,2023Q2
ORD-1464,2023-05-21 20:44:14.211843,Second Class,Home Office,North,Sports,Football,6,109.44,0.05,623.81,134.6,May,2023Q2
ORD-1465,2023-05-22 04:01:24.070058,First Class,Consumer,North,Furniture,Desk,7,308.44,0.05,2051.13,477.38,May,2023Q2
ORD-1466,2023-05-22 11:18:33.928273,Standard Class,Consumer,South,Electronics,Headphones,7,716.8,0.0,5017.6,804.62,May,2023Q2
ORD-1467,2023-05-22 18:35:43.786488,First Class,Consumer,East,Clothing,Trousers,6,137.82,0.15,702.88,170.6,May,2023Q2
ORD-1468,2023-05-23 01:52:53.644703,Standard Class,Home Office,North,Electronics,Smartphone,2,773.56,0.0,1547.12,236.2,May,2023Q2
ORD-1469,2023-05-23 09:10:03.502919,Standard Class,Corporate,North,Sports,Gym Equipment,3,93.51,0.1,252.48,59.28,May,2023Q2
ORD-1470,2023-05-23 16:27:13.361134,Standard Class,Consumer,West,Electronics,Smartwatch,1,881.61,0.0,881.61,171.5,May,2023Q2
ORD-1471,2023-05-23 23:44:23.219349,Standard Class,Consumer,West,Sports,Yoga Mat,5,174.31,0.0,871.55,177.73,May,2023Q2
ORD-1472,2023-05-24 07:01:33.077564,Second Class,Consumer,West,Electronics,Smartphone,1,609.35,0.0,609.35,102.61,May,2023Q2
ORD-1473,2023-05-24 14:18:42.935779,Second Class,Consumer,West,Clothing,Formal Shirt,7,184.43,0.05,1226.46,268.24,May,2023Q2
ORD-1474,2023-05-24 21:35:52.793994,First Class,Home Office,East,Office Supplies,Stapler,7,80.31,0.05,534.06,191.24,May,2023Q2
ORD-1475,2023-05-25 04:53:02.652210,Same Day,Corporate,North,Sports,Yoga Mat,1,94.66,0.1,85.19,16.54,May,2023Q2
ORD-1476,2023-05-25 12:10:12.510425,Second Class,Consumer,South,Electronics,Smartphone,5,814.71,0.0,4073.55,733.88,May,2023Q2
ORD-1477,2023-05-25 19:27:22.368640,Second Class,Home Office,East,Office Supplies,Folders,2,33.86,0.0,67.72,20.57,May,2023Q2
ORD-1478,2023-05-26 02:44:32.226855,Standard Class,Consumer,South,Sports,Gym Equipment,3,77.27,0.1,208.63,40.43,May,2023Q2
ORD-1479,2023-05-26 10:01:42.085070,Standard Class,Corporate,East,Office Supplies,Pens Set,3,56.06,0.15,142.95,36.61,May,2023Q2
ORD-1480,2023-05-26 17:18:51.943286,Standard Class,Home Office,North,Office Supplies,Folders,1,98.54,0.0,98.54,22.83,May,2023Q2
ORD-1481,2023-05-27 00:36:01.801501,Second Class,Consumer,South,Office Supplies,Pens Set,5,39.59,0.1,178.16,40.57,May,2023Q2
ORD-1482,2023-05-27 07:53:11.659716,Standard Class,Corporate,East,Furniture,Sofa,7,469.34,0.0,3285.38,834.44,May,2023Q2
ORD-1483,2023-05-27 15:10:21.517931,Standard Class,Consumer,East,Office Supplies,Printer Paper,4,39.48,0.15,134.23,33.59,May,2023Q2
ORD-1484,2023-05-27 22:27:31.376146,Standard Class,Consumer,East,Office Supplies,Printer Paper,2,79.18,0.15,134.61,29.62,May,2023Q2
ORD-1485,2023-05-28 05:44:41.234361,Standard Class,Consumer,East,Sports,Gym Equipment,1,169.03,0.15,143.68,33.87,May,2023Q2
ORD-1486,2023-05-28 13:01:51.092577,Standard Class,Consumer,North,Electronics,Headphones,3,759.58,0.1,2050.87,292.53,May,2023Q2
ORD-1487,2023-05-28 20:19:00.950792,Standard Class,Corporate,North,Electronics,Smartwatch,7,416.07,0.0,2912.49,563.61,May,2023Q2
ORD-1488,2023-05-29 03:36:10.809007,Second Class,Home Office,West,Sports,Cricket Bat,6,215.16,0.15,1097.32,198.22,May,2023Q2
ORD-1489,2023-05-29 10:53:20.667222,Standard Class,Corporate,East,Clothing,Jacket,6,186.4,0.05,1062.48,206.09,May,2023Q2
ORD-1490,2023-05-29 18:10:30.525437,Second Class,Home Office,North,Furniture,Filing Cabinet,5,466.21,0.0,2331.05,486.52,May,2023Q2
ORD-1491,2023-05-30 01:27:40.383653,Standard Class,Corporate,West,Office Supplies,Folders,5,62.53,0.05,297.02,63.17,May,2023Q2
ORD-1492,2023-05-30 08:44:50.241868,Standard Class,Consumer,North,Electronics,Camera,1,934.69,0.2,747.75,162.14,May,2023Q2
ORD-1493,2023-05-30 16:02:00.100083,Standard Class,Consumer,South,Electronics,Headphones,4,281.41,0.2,900.51,163.4,May,2023Q2
ORD-1494,2023-05-30 23:19:09.958298,Standard Class,Consumer,North,Furniture,Office Chair,3,495.01,0.0,1485.03,255.97,May,2023Q2
ORD-1495,2023-05-31 06:36:19.816513,Standard Class,Corporate,East,Furniture,Desk,1,566.16,0.1,509.54,94.41,May,2023Q2
ORD-1496,2023-05-31 13:53:29.674728,Standard Class,Home Office,East,Office Supplies,Notebooks,4,31.44,0.15,106.9,31.07,May,2023Q2
ORD-1497,2023-05-31 21:10:39.532944,Standard Class,Consumer,North,Electronics,Monitor,7,594.05,0.0,4158.35,608.77,May,2023Q2
ORD-1498,2023-06-01 04:27:49.391159,Standard Class,Corporate,West,Sports,Cricket Bat,5,111.31,0.05,528.72,91.06,June,2023Q2
ORD-1499,2023-06-01 11:44:59.249374,Standard Class,Corporate,South,Sports,Cricket Bat,6,180.77,0.1,976.16,199.26,June,2023Q2
ORD-1500,2023-06-01 19:02:09.107589,Second Class,Corporate,South,Office Supplies,Notebooks,2,73.77,0.05,140.16,50.44,June,2023Q2
ORD-1501,2023-06-02 02:19:18.965804,First Class,Consumer,North,Office Supplies,Folders,7,48.79,0.0,341.53,96.42,June,2023Q2
ORD-1502,2023-06-02 09:36:28.824020,Standard Class,Consumer,North,Furniture,Desk,6,374.07,0.1,2019.98,502.25,June,2023Q2
ORD-1503,2023-06-02 16:53:38.682235,Same Day,Consumer,North,Clothing,Formal Shirt,3,88.99,0.2,213.58,65.46,June,2023Q2
ORD-1504,2023-06-03 00:10:48.540450,Standard Class,Consumer,East,Office Supplies,Pens Set,3,53.6,0.1,144.72,36.03,June,2023Q2
ORD-1505,2023-06-03 07:27:58.398665,Second Class,Consumer,West,Electronics,Tablet,6,384.87,0.1,2078.3,443.05,June,2023Q2
ORD-1506,2023-06-03 14:45:08.256880,Second Class,Corporate,East,Sports,Cycle,7,242.03,0.0,1694.21,391.17,June,2023Q2
ORD-1507,2023-06-03 22:02:18.115095,Second Class,Consumer,North,Clothing,Shoes,6,52.36,0.0,314.16,71.8,June,2023Q2
ORD-1508,2023-06-04 05:19:27.973311,Standard Class,Home Office,North,Sports,Cricket Bat,4,241.42,0.1,869.11,224.88,June,2023Q2
ORD-1509,2023-06-04 12:36:37.831526,Standard Class,Corporate,North,Office Supplies,Stapler,1,68.16,0.0,68.16,17.54,June,2023Q2
ORD-1510,2023-06-04 19:53:47.689741,Standard Class,Corporate,South,Office Supplies,Printer Paper,5,50.88,0.15,216.24,55.33,June,2023Q2
ORD-1511,2023-06-05 03:10:57.547956,Standard Class,Consumer,East,Furniture,Sofa,4,491.93,0.0,1967.72,503.61,June,2023Q2
ORD-1512,2023-06-05 10:28:07.406171,Standard Class,Corporate,North,Sports,Cricket Bat,2,169.49,0.05,322.03,61.88,June,2023Q2
ORD-1513,2023-06-05 17:45:17.264386,Standard Class,Home Office,East,Clothing,Formal Shirt,6,118.88,0.0,713.28,160.22,June,2023Q2
ORD-1514,2023-06-06 01:02:27.122602,Standard Class,Consumer,West,Electronics,Smartphone,2,349.3,0.2,558.88,81.2,June,2023Q2
ORD-1515,2023-06-06 08:19:36.980817,Standard Class,Consumer,South,Electronics,Tablet,2,550.45,0.0,1100.9,229.71,June,2023Q2
ORD-1516,2023-06-06 15:36:46.839032,Second Class,Corporate,West,Furniture,Sofa,4,276.0,0.0,1104.0,284.61,June,2023Q2
ORD-1517,2023-06-06 22:53:56.697247,First Class,Consumer,East,Clothing,Trousers,5,53.13,0.0,265.65,69.06,June,2023Q2
ORD-1518,2023-06-07 06:11:06.555462,First Class,Consumer,East,Sports,Gym Equipment,7,141.14,0.15,839.78,214.04,June,2023Q2
ORD-1519,2023-06-07 13:28:16.413678,Standard Class,Consumer,East,Electronics,Monitor,3,334.67,0.0,1004.01,161.0,June,2023Q2
ORD-1520,2023-06-07 20:45:26.271893,Second Class,Consumer,South,Office Supplies,Pens Set,1,45.49,0.0,45.49,11.35,June,2023Q2
ORD-1521,2023-06-08 04:02:36.130108,First Class,Corporate,North,Furniture,Filing Cabinet,3,209.45,0.0,628.35,152.96,June,2023Q2
ORD-1522,2023-06-08 11:19:45.988323,Standard Class,Consumer,South,Sports,Gym Equipment,5,91.38,0.1,411.21,94.99,June,2023Q2
ORD-1523,2023-06-08 18:36:55.846538,Standard Class,Home Office,South,Clothing,Jacket,3,78.07,0.0,234.21,48.89,June,2023Q2
ORD-1524,2023-06-09 01:54:05.704753,First Class,Corporate,East,Clothing,Shoes,6,186.98,0.0,1121.88,209.22,June,2023Q2
ORD-1525,2023-06-09 09:11:15.562969,Standard Class,Corporate,North,Furniture,Desk,6,168.98,0.0,1013.88,264.61,June,2023Q2
ORD-1526,2023-06-09 16:28:25.421184,Standard Class,Corporate,West,Furniture,Office Chair,4,454.13,0.05,1725.69,488.19,June,2023Q2
ORD-1527,2023-06-09 23:45:35.279399,Standard Class,Home Office,East,Electronics,Monitor,2,371.7,0.1,669.06,130.88,June,2023Q2
ORD-1528,2023-06-10 07:02:45.137614,Standard Class,Consumer,South,Electronics,Smartwatch,5,932.85,0.05,4431.04,691.28,June,2023Q2
ORD-1529,2023-06-10 14:19:54.995829,First Class,Home Office,North,Clothing,Formal Shirt,5,63.73,0.2,254.92,82.72,June,2023Q2
ORD-1530,2023-06-10 21:37:04.854045,Second Class,Corporate,West,Clothing,Accessories,3,180.89,0.2,434.14,134.14,June,2023Q2
ORD-1531,2023-06-11 04:54:14.712260,Standard Class,Corporate,West,Sports,Football,4,189.3,0.0,757.2,152.66,June,2023Q2
ORD-1532,2023-06-11 12:11:24.570475,Standard Class,Corporate,East,Sports,Yoga Mat,3,72.24,0.1,195.05,46.62,June,2023Q2
ORD-1533,2023-06-11 19:28:34.428690,Standard Class,Consumer,North,Office Supplies,Stapler,3,91.37,0.1,246.7,88.03,June,2023Q2
ORD-1534,2023-06-12 02:45:44.286905,Standard Class,Consumer,South,Clothing,Trousers,5,121.95,0.2,487.8,153.76,June,2023Q2
ORD-1535,2023-06-12 10:02:54.145120,Standard Class,Corporate,North,Sports,Gym Equipment,3,122.43,0.05,348.93,84.06,June,2023Q2
ORD-1536,2023-06-12 17:20:04.003336,First Class,Consumer,North,Clothing,Accessories,2,155.35,0.05,295.16,80.15,June,2023Q2
ORD-1537,2023-06-13 00:37:13.861551,Standard Class,Corporate,East,Electronics,Smartwatch,3,937.2,0.05,2671.02,512.31,June,2023Q2
ORD-1538,2023-06-13 07:54:23.719766,Standard Class,Consumer,East,Furniture,Office Chair,2,384.69,0.15,653.97,141.06,June,2023Q2
ORD-1539,2023-06-13 15:11:33.577981,Second Class,Consumer,East,Electronics,Camera,5,497.2,0.0,2486.0,481.44,June,2023Q2
ORD-1540,2023-06-13 22:28:43.436196,Standard Class,Consumer,West,Sports,Gym Equipment,4,223.48,0.0,893.92,210.45,June,2023Q2
ORD-1541,2023-06-14 05:45:53.294412,First Class,Consumer,East,Office Supplies,Pens Set,6,76.09,0.0,456.54,175.51,June,2023Q2
ORD-1542,2023-06-14 13:03:03.152627,Second Class,Corporate,South,Electronics,Tablet,2,909.9,0.0,1819.8,321.13,June,2023Q2
ORD-1543,2023-06-14 20:20:13.010842,Second Class,Consumer,South,Office Supplies,Folders,4,76.86,0.05,292.07,91.49,June,2023Q2
ORD-1544,2023-06-15 03:37:22.869057,Standard Class,Home Office,West,Office Supplies,Pens Set,4,44.53,0.0,178.12,51.67,June,2023Q2
ORD-1545,2023-06-15 10:54:32.727272,Standard Class,Corporate,North,Furniture,Bookshelf,2,585.38,0.0,1170.76,283.61,June,2023Q2
ORD-1546,2023-06-15 18:11:42.585487,Standard Class,Consumer,West,Electronics,Smartphone,5,345.48,0.2,1381.92,268.14,June,2023Q2
ORD-1547,2023-06-16 01:28:52.443703,Standard Class,Corporate,West,Office Supplies,Folders,1,46.29,0.05,43.98,9.38,June,2023Q2
ORD-1548,2023-06-16 08:46:02.301918,Second Class,Home Office,North,Office Supplies,Notebooks,4,64.45,0.1,232.02,71.33,June,2023Q2
ORD-1549,2023-06-16 16:03:12.160133,First Class,Corporate,East,Clothing,Formal Shirt,4,127.94,0.0,511.76,96.35,June,2023Q2
ORD-1550,2023-06-16 23:20:22.018348,Second Class,Consumer,West,Office Supplies,Stapler,5,28.1,0.0,140.5,30.17,June,2023Q2
ORD-1551,2023-06-17 06:37:31.876563,First Class,Home Office,East,Clothing,Shoes,5,157.16,0.15,667.93,196.16,June,2023Q2
ORD-1552,2023-06-17 13:54:41.734778,Second Class,Corporate,West,Office Supplies,Stapler,3,53.04,0.1,143.21,36.74,June,2023Q2
ORD-1553,2023-06-17 21:11:51.592994,Standard Class,Consumer,West,Office Supplies,Printer Paper,5,56.26,0.0,281.3,76.32,June,2023Q2
ORD-1554,2023-06-18 04:29:01.451209,Standard Class,Consumer,South,Clothing,Trousers,4,161.07,0.2,515.42,95.15,June,2023Q2
ORD-1555,2023-06-18 11:46:11.309424,Second Class,Corporate,South,Furniture,Desk,2,337.92,0.2,540.67,96.07,June,2023Q2
ORD-1556,2023-06-18 19:03:21.167639,Standard Class,Consumer,West,Electronics,Monitor,1,304.0,0.25,228.0,47.58,June,2023Q2
ORD-1557,2023-06-19 02:20:31.025854,Standard Class,Corporate,East,Electronics,Smartwatch,7,397.04,0.05,2640.32,473.41,June,2023Q2
ORD-1558,2023-06-19 09:37:40.884070,Standard Class,Consumer,North,Clothing,Shoes,3,181.0,0.0,543.0,166.76,June,2023Q2
ORD-1559,2023-06-19 16:54:50.742285,First Class,Home Office,North,Office Supplies,Folders,7,32.07,0.1,202.04,56.87,June,2023Q2
ORD-1560,2023-06-20 00:12:00.600500,Standard Class,Corporate,East,Office Supplies,Notebooks,2,52.56,0.1,94.61,24.44,June,2023Q2
ORD-1561,2023-06-20 07:29:10.458715,Second Class,Consumer,West,Electronics,Headphones,1,632.29,0.0,632.29,103.41,June,2023Q2
ORD-1562,2023-06-20 14:46:20.316930,First Class,Consumer,West,Electronics,Tablet,1,625.16,0.15,531.39,107.86,June,2023Q2
ORD-1563,2023-06-20 22:03:30.175145,Standard Class,Corporate,East,Electronics,Laptop,1,272.85,0.0,272.85,50.73,June,2023Q2
ORD-1564,2023-06-21 05:20:40.033361,Standard Class,Corporate,North,Furniture,Office Chair,6,392.52,0.05,2237.36,611.59,June,2023Q2
ORD-1565,2023-06-21 12:37:49.891576,Standard Class,Corporate,North,Office Supplies,Stapler,2,54.63,0.0,109.26,34.79,June,2023Q2
ORD-1566,2023-06-21 19:54:59.749791,Second Class,Consumer,West,Furniture,Office Chair,3,603.49,0.1,1629.42,356.97,June,2023Q2
ORD-1567,2023-06-22 03:12:09.608006,Second Class,Consumer,North,Furniture,Sofa,3,239.3,0.0,717.9,185.02,June,2023Q2
ORD-1568,2023-06-22 10:29:19.466221,First Class,Consumer,North,Sports,Cycle,1,140.0,0.15,119.0,30.19,June,2023Q2
ORD-1569,2023-06-22 17:46:29.324437,Standard Class,Corporate,North,Furniture,Office Chair,2,355.93,0.05,676.27,135.91,June,2023Q2
ORD-1570,2023-06-23 01:03:39.182652,Standard Class,Consumer,East,Office Supplies,Printer Paper,6,55.13,0.15,281.16,71.69,June,2023Q2
ORD-1571,2023-06-23 08:20:49.040867,Standard Class,Consumer,West,Clothing,Trousers,1,141.55,0.25,106.16,28.39,June,2023Q2
ORD-1572,2023-06-23 15:37:58.899082,Second Class,Corporate,North,Furniture,Sofa,5,264.55,0.1,1190.48,261.73,June,2023Q2
ORD-1573,2023-06-23 22:55:08.757297,Standard Class,Home Office,South,Office Supplies,Folders,7,42.92,0.25,225.33,87.44,June,2023Q2
ORD-1574,2023-06-24 06:12:18.615512,Standard Class,Consumer,East,Clothing,Shoes,3,150.17,0.0,450.51,110.08,June,2023Q2
ORD-1575,2023-06-24 13:29:28.473728,Standard Class,Consumer,West,Sports,Football,7,168.06,0.0,1176.42,175.19,June,2023Q2
ORD-1576,2023-06-24 20:46:38.331943,Standard Class,Corporate,North,Electronics,Smartwatch,4,568.91,0.0,2275.64,526.94,June,2023Q2
ORD-1577,2023-06-25 04:03:48.190158,Standard Class,Corporate,South,Sports,Cricket Bat,1,104.49,0.0,104.49,25.21,June,2023Q2
ORD-1578,2023-06-25 11:20:58.048373,Standard Class,Consumer,South,Furniture,Bookshelf,5,252.01,0.15,1071.04,190.14,June,2023Q2
ORD-1579,2023-06-25 18:38:07.906588,Standard Class,Home Office,West,Electronics,Camera,3,277.6,0.0,832.8,186.3,June,2023Q2
ORD-1580,2023-06-26 01:55:17.764804,Standard Class,Corporate,South,Furniture,Sofa,7,208.96,0.05,1389.58,276.48,June,2023Q2
ORD-1581,2023-06-26 09:12:27.623019,Second Class,Consumer,North,Sports,Cycle,6,178.91,0.05,1019.79,188.92,June,2023Q2
ORD-1582,2023-06-26 16:29:37.481234,First Class,Consumer,East,Furniture,Desk,2,567.56,0.05,1078.36,295.09,June,2023Q2
ORD-1583,2023-06-26 23:46:47.339449,Standard Class,Corporate,East,Furniture,Bookshelf,3,296.65,0.05,845.45,189.36,June,2023Q2
ORD-1584,2023-06-27 07:03:57.197664,Second Class,Corporate,North,Office Supplies,Pens Set,7,50.6,0.15,301.07,70.69,June,2023Q2
ORD-1585,2023-06-27 14:21:07.055879,Standard Class,Consumer,West,Electronics,Monitor,2,353.24,0.0,706.48,117.18,June,2023Q2
ORD-1586,2023-06-27 21:38:16.914095,Standard Class,Corporate,North,Electronics,Headphones,7,549.81,0.0,3848.67,785.08,June,2023Q2
ORD-1587,2023-06-28 04:55:26.772310,First Class,Corporate,East,Electronics,Smartphone,2,296.8,0.1,534.24,77.36,June,2023Q2
ORD-1588,2023-06-28 12:12:36.630525,Second Class,Consumer,South,Electronics,Camera,6,930.67,0.1,5025.62,953.59,June,2023Q2
ORD-1589,2023-06-28 19:29:46.488740,First Class,Corporate,East,Electronics,Laptop,6,754.64,0.05,4301.45,864.98,June,2023Q2
ORD-1590,2023-06-29 02:46:56.346955,Standard Class,Home Office,South,Electronics,Tablet,1,983.34,0.15,835.84,136.36,June,2023Q2
ORD-1591,2023-06-29 10:04:06.205170,Standard Class,Consumer,West,Office Supplies,Pens Set,1,90.56,0.05,86.03,28.81,June,2023Q2
ORD-1592,2023-06-29 17:21:16.063386,First Class,Consumer,East,Electronics,Monitor,3,610.55,0.05,1740.07,385.42,June,2023Q2
ORD-1593,2023-06-30 00:38:25.921601,Standard Class,Consumer,East,Furniture,Sofa,6,400.82,0.0,2404.92,520.23,June,2023Q2
ORD-1594,2023-06-30 07:55:35.779816,Standard Class,Home Office,East,Clothing,Shoes,5,76.92,0.05,365.37,84.93,June,2023Q2
ORD-1595,2023-06-30 15:12:45.638031,Second Class,Home Office,East,Furniture,Desk,7,374.99,0.1,2362.44,442.14,June,2023Q2
ORD-1596,2023-06-30 22:29:55.496246,First Class,Consumer,North,Office Supplies,Printer Paper,7,92.02,0.0,644.14,205.32,June,2023Q2
ORD-1597,2023-07-01 05:47:05.354462,First Class,Corporate,South,Electronics,Smartwatch,7,306.61,0.0,2146.27,474.38,July,2023Q3
ORD-1598,2023-07-01 13:04:15.212677,Standard Class,Corporate,West,Electronics,Smartwatch,3,891.76,0.15,2273.99,366.26,July,2023Q3
ORD-1599,2023-07-01 20:21:25.070892,First Class,Corporate,North,Electronics,Smartwatch,7,515.48,0.0,3608.36,609.07,July,2023Q3
ORD-1600,2023-07-02 03:38:34.929107,Standard Class,Consumer,East,Electronics,Monitor,4,917.65,0.0,3670.6,623.69,July,2023Q3
ORD-1601,2023-07-02 10:55:44.787322,Standard Class,Consumer,West,Electronics,Monitor,2,947.43,0.1,1705.37,318.17,July,2023Q3
ORD-1602,2023-07-02 18:12:54.645537,Second Class,Consumer,North,Electronics,Laptop,7,753.02,0.0,5271.14,794.19,July,2023Q3
ORD-1603,2023-07-03 01:30:04.503753,Standard Class,Corporate,East,Electronics,Monitor,2,748.39,0.2,1197.42,257.2,July,2023Q3
ORD-1604,2023-07-03 08:47:14.361968,Standard Class,Consumer,South,Electronics,Smartphone,1,595.98,0.0,595.98,94.12,July,2023Q3
ORD-1605,2023-07-03 16:04:24.220183,Second Class,Home Office,East,Furniture,Office Chair,7,542.32,0.1,3416.62,844.27,July,2023Q3
ORD-1606,2023-07-03 23:21:34.078398,Standard Class,Consumer,North,Electronics,Monitor,5,962.36,0.05,4571.21,829.34,July,2023Q3
ORD-1607,2023-07-04 06:38:43.936613,Standard Class,Consumer,North,Furniture,Sofa,6,515.24,0.15,2627.72,607.89,July,2023Q3
ORD-1608,2023-07-04 13:55:53.794829,Standard Class,Corporate,East,Office Supplies,Notebooks,6,71.78,0.0,430.68,104.37,July,2023Q3
ORD-1609,2023-07-04 21:13:03.653044,Standard Class,Corporate,West,Office Supplies,Printer Paper,1,70.69,0.1,63.62,21.78,July,2023Q3
ORD-1610,2023-07-05 04:30:13.511259,Standard Class,Consumer,East,Electronics,Headphones,4,881.62,0.05,3350.16,490.37,July,2023Q3
ORD-1611,2023-07-05 11:47:23.369474,Second Class,Consumer,East,Clothing,Jacket,3,124.6,0.05,355.11,68.19,July,2023Q3
ORD-1612,2023-07-05 19:04:33.227689,Second Class,Home Office,North,Office Supplies,Folders,3,84.88,0.05,241.91,74.61,July,2023Q3
ORD-1613,2023-07-06 02:21:43.085904,Standard Class,Consumer,East,Electronics,Monitor,5,636.4,0.1,2863.8,580.22,July,2023Q3
ORD-1614,2023-07-06 09:38:52.944120,First Class,Consumer,North,Clothing,Shoes,1,59.49,0.2,47.59,8.69,July,2023Q3
ORD-1615,2023-07-06 16:56:02.802335,Standard Class,Corporate,West,Sports,Football,1,145.72,0.0,145.72,21.61,July,2023Q3
ORD-1616,2023-07-07 00:13:12.660550,Standard Class,Consumer,West,Electronics,Camera,4,590.0,0.0,2360.0,501.95,July,2023Q3
ORD-1617,2023-07-07 07:30:22.518765,First Class,Consumer,East,Electronics,Smartwatch,7,371.96,0.15,2213.16,472.23,July,2023Q3
ORD-1618,2023-07-07 14:47:32.376980,Standard Class,Consumer,West,Clothing,Shoes,3,64.94,0.0,194.82,41.26,July,2023Q3
ORD-1619,2023-07-07 22:04:42.235195,Same Day,Consumer,North,Office Supplies,Printer Paper,7,65.55,0.25,344.14,110.38,July,2023Q3
ORD-1620,2023-07-08 05:21:52.093411,Standard Class,Consumer,East,Electronics,Laptop,1,331.3,0.1,298.17,51.84,July,2023Q3
ORD-1621,2023-07-08 12:39:01.951626,Second Class,Consumer,South,Electronics,Laptop,7,488.12,0.1,3075.16,597.6,July,2023Q3
ORD-1622,2023-07-08 19:56:11.809841,Standard Class,Consumer,West,Furniture,Filing Cabinet,6,501.58,0.0,3009.48,806.24,July,2023Q3
ORD-1623,2023-07-09 03:13:21.668056,Standard Class,Consumer,North,Furniture,Sofa,5,600.07,0.0,3000.35,493.68,July,2023Q3
ORD-1624,2023-07-09 10:30:31.526271,Standard Class,Corporate,East,Office Supplies,Pens Set,3,78.69,0.1,212.46,74.37,July,2023Q3
ORD-1625,2023-07-09 17:47:41.384487,Second Class,Consumer,West,Furniture,Office Chair,4,612.7,0.2,1960.64,429.54,July,2023Q3
ORD-1626,2023-07-10 01:04:51.242702,Standard Class,Consumer,North,Furniture,Filing Cabinet,5,480.86,0.25,1803.22,411.97,July,2023Q3
ORD-1627,2023-07-10 08:22:01.100917,First Class,Home Office,South,Office Supplies,Printer Paper,2,48.15,0.0,96.3,31.56,July,2023Q3
ORD-1628,2023-07-10 15:39:10.959132,Standard Class,Corporate,East,Electronics,Camera,6,753.88,0.0,4523.28,1020.65,July,2023Q3
ORD-1629,2023-07-10 22:56:20.817347,Standard Class,Consumer,South,Electronics,Headphones,4,775.55,0.0,3102.2,409.88,July,2023Q3
ORD-1630,2023-07-11 06:13:30.675562,Standard Class,Home Office,North,Office Supplies,Pens Set,5,53.76,0.15,228.48,49.19,July,2023Q3
ORD-1631,2023-07-11 13:30:40.533778,Second Class,Consumer,North,Clothing,Accessories,1,53.41,0.0,53.41,10.77,July,2023Q3
ORD-1632,2023-07-11 20:47:50.391993,First Class,Consumer,North,Office Supplies,Printer Paper,2,77.63,0.0,155.26,60.17,July,2023Q3
ORD-1633,2023-07-12 04:05:00.250208,Standard Class,Corporate,West,Office Supplies,Notebooks,4,28.56,0.0,114.24,38.69,July,2023Q3
ORD-1634,2023-07-12 11:22:10.108423,Second Class,Corporate,East,Electronics,Monitor,1,724.46,0.0,724.46,139.37,July,2023Q3
ORD-1635,2023-07-12 18:39:19.966638,Standard Class,Consumer,North,Furniture,Desk,6,241.3,0.25,1085.85,173.96,July,2023Q3
ORD-1636,2023-07-13 01:56:29.824854,Second Class,Consumer,South,Office Supplies,Folders,2,67.72,0.05,128.67,47.38,July,2023Q3
ORD-1637,2023-07-13 09:13:39.683069,First Class,Corporate,South,Electronics,Smartphone,3,632.82,0.0,1898.46,405.85,July,2023Q3
ORD-1638,2023-07-13 16:30:49.541284,Standard Class,Consumer,North,Electronics,Laptop,1,279.73,0.0,279.73,55.33,July,2023Q3
ORD-1639,2023-07-13 23:47:59.399499,Standard Class,Home Office,South,Furniture,Filing Cabinet,5,330.56,0.0,1652.8,328.52,July,2023Q3
ORD-1640,2023-07-14 07:05:09.257714,Same Day,Consumer,South,Electronics,Smartphone,7,702.79,0.0,4919.53,657.32,July,2023Q3
ORD-1641,2023-07-14 14:22:19.115929,First Class,Home Office,South,Furniture,Bookshelf,4,548.18,0.0,2192.72,505.56,July,2023Q3
ORD-1642,2023-07-14 21:39:28.974145,Standard Class,Corporate,East,Electronics,Laptop,2,909.82,0.1,1637.68,333.64,July,2023Q3
ORD-1643,2023-07-15 04:56:38.832360,Standard Class,Corporate,North,Furniture,Office Chair,1,384.76,0.0,384.76,64.04,July,2023Q3
ORD-1644,2023-07-15 12:13:48.690575,Standard Class,Corporate,East,Electronics,Laptop,3,794.46,0.0,2383.38,463.44,July,2023Q3
ORD-1645,2023-07-15 19:30:58.548790,Standard Class,Corporate,East,Clothing,Jacket,7,94.04,0.0,658.28,143.48,July,2023Q3
ORD-1646,2023-07-16 02:48:08.407005,First Class,Consumer,East,Office Supplies,Stapler,4,51.64,0.1,185.9,64.61,July,2023Q3
ORD-1647,2023-07-16 10:05:18.265221,Second Class,Consumer,East,Office Supplies,Printer Paper,4,41.0,0.05,155.8,47.85,July,2023Q3
ORD-1648,2023-07-16 17:22:28.123436,Standard Class,Consumer,East,Clothing,Trousers,1,127.42,0.1,114.68,22.29,July,2023Q3
ORD-1649,2023-07-17 00:39:37.981651,Standard Class,Home Office,West,Furniture,Sofa,3,308.92,0.05,880.42,196.77,July,2023Q3
ORD-1650,2023-07-17 07:56:47.839866,Standard Class,Corporate,East,Electronics,Smartphone,6,330.75,0.1,1786.05,301.38,July,2023Q3
ORD-1651,2023-07-17 15:13:57.698081,Standard Class,Consumer,East,Office Supplies,Stapler,7,76.32,0.0,534.24,129.53,July,2023Q3
ORD-1652,2023-07-17 22:31:07.556296,Standard Class,Consumer,West,Office Supplies,Stapler,6,77.96,0.2,374.21,135.27,July,2023Q3
ORD-1653,2023-07-18 05:48:17.414512,Standard Class,Consumer,East,Office Supplies,Printer Paper,2,52.92,0.0,105.84,22.44,July,2023Q3
ORD-1654,2023-07-18 13:05:27.272727,Standard Class,Corporate,South,Furniture,Filing Cabinet,1,202.37,0.05,192.25,37.53,July,2023Q3
ORD-1655,2023-07-18 20:22:37.130942,Standard Class,Consumer,North,Electronics,Headphones,7,576.93,0.1,3634.66,462.91,July,2023Q3
ORD-1656,2023-07-19 03:39:46.989157,Standard Class,Corporate,North,Electronics,Smartphone,2,588.48,0.05,1118.11,152.48,July,2023Q3
ORD-1657,2023-07-19 10:56:56.847372,Standard Class,Home Office,West,Furniture,Sofa,6,467.56,0.2,2244.29,433.63,July,2023Q3
ORD-1658,2023-07-19 18:14:06.705587,Standard Class,Consumer,East,Office Supplies,Notebooks,7,49.71,0.05,330.57,72.65,July,2023Q3
ORD-1659,2023-07-20 01:31:16.563803,Standard Class,Consumer,West,Office Supplies,Pens Set,4,76.15,0.15,258.91,82.18,July,2023Q3
ORD-1660,2023-07-20 08:48:26.422018,Standard Class,Consumer,East,Furniture,Desk,2,558.43,0.15,949.33,157.08,July,2023Q3
ORD-1661,2023-07-20 16:05:36.280233,Standard Class,Consumer,South,Sports,Cycle,3,117.6,0.25,264.6,59.32,July,2023Q3
ORD-1662,2023-07-20 23:22:46.138448,Standard Class,Consumer,North,Office Supplies,Stapler,5,97.48,0.2,389.92,85.58,July,2023Q3
ORD-1663,2023-07-21 06:39:55.996663,Second Class,Consumer,East,Electronics,Camera,6,548.19,0.2,2631.31,348.4,July,2023Q3
ORD-1664,2023-07-21 13:57:05.854879,First Class,Home Office,East,Electronics,Smartphone,6,462.43,0.1,2497.12,396.98,July,2023Q3
ORD-1665,2023-07-21 21:14:15.713094,Second Class,Consumer,West,Electronics,Camera,3,573.49,0.0,1720.47,383.37,July,2023Q3
ORD-1666,2023-07-22 04:31:25.571309,Standard Class,Consumer,North,Electronics,Camera,7,337.97,0.0,2365.79,461.97,July,2023Q3
ORD-1667,2023-07-22 11:48:35.429524,First Class,Home Office,East,Electronics,Camera,7,360.51,0.1,2271.21,475.08,July,2023Q3
ORD-1668,2023-07-22 19:05:45.287739,Second Class,Corporate,East,Electronics,Tablet,7,568.39,0.25,2984.05,421.61,July,2023Q3
ORD-1669,2023-07-23 02:22:55.145954,Standard Class,Consumer,East,Electronics,Monitor,2,818.96,0.1,1474.13,318.54,July,2023Q3
ORD-1670,2023-07-23 09:40:05.004170,Standard Class,Corporate,East,Electronics,Headphones,1,918.22,0.2,734.58,93.2,July,2023Q3
ORD-1671,2023-07-23 16:57:14.862385,First Class,Consumer,East,Clothing,Formal Shirt,4,141.42,0.15,480.83,99.51,July,2023Q3
ORD-1672,2023-07-24 00:14:24.720600,Standard Class,Corporate,North,Electronics,Monitor,5,345.76,0.0,1728.8,332.86,July,2023Q3
ORD-1673,2023-07-24 07:31:34.578815,Standard Class,Corporate,East,Office Supplies,Folders,1,75.39,0.0,75.39,20.92,July,2023Q3
ORD-1674,2023-07-24 14:48:44.437030,Second Class,Corporate,East,Furniture,Bookshelf,1,452.67,0.0,452.67,128.52,July,2023Q3
ORD-1675,2023-07-24 22:05:54.295246,First Class,Consumer,West,Sports,Cricket Bat,3,226.71,0.0,680.13,97.69,July,2023Q3
ORD-1676,2023-07-25 05:23:04.153461,Standard Class,Corporate,West,Electronics,Tablet,2,864.18,0.05,1641.94,383.97,July,2023Q3
ORD-1677,2023-07-25 12:40:14.011676,Standard Class,Consumer,South,Furniture,Desk,6,556.95,0.25,2506.28,592.28,July,2023Q3
ORD-1678,2023-07-25 19:57:23.869891,Standard Class,Consumer,North,Sports,Football,6,151.51,0.1,818.15,169.39,July,2023Q3
ORD-1679,2023-07-26 03:14:33.728106,Second Class,Consumer,West,Clothing,Trousers,3,145.91,0.05,415.84,76.48,July,2023Q3
ORD-1680,2023-07-26 10:31:43.586321,Standard Class,Consumer,East,Clothing,Shoes,2,87.48,0.0,174.96,37.79,July,2023Q3
ORD-1681,2023-07-26 17:48:53.444537,Standard Class,Consumer,West,Electronics,Smartphone,3,989.52,0.0,2968.56,670.49,July,2023Q3
ORD-1682,2023-07-27 01:06:03.302752,First Class,Corporate,North,Electronics,Smartphone,6,396.24,0.05,2258.57,370.99,July,2023Q3
ORD-1683,2023-07-27 08:23:13.160967,Standard Class,Home Office,East,Office Supplies,Notebooks,1,27.73,0.0,27.73,9.13,July,2023Q3
ORD-1684,2023-07-27 15:40:23.019182,Second Class,Consumer,West,Sports,Cricket Bat,4,100.57,0.0,402.28,104.57,July,2023Q3
ORD-1685,2023-07-27 22:57:32.877397,Standard Class,Consumer,West,Office Supplies,Notebooks,7,82.86,0.05,551.02,141.81,July,2023Q3
ORD-1686,2023-07-28 06:14:42.735613,Standard Class,Consumer,South,Office Supplies,Folders,2,59.17,0.0,118.34,37.12,July,2023Q3
ORD-1687,2023-07-28 13:31:52.593828,Second Class,Consumer,East,Electronics,Camera,5,592.2,0.2,2368.8,476.64,July,2023Q3
ORD-1688,2023-07-28 20:49:02.452043,Standard Class,Consumer,East,Clothing,Formal Shirt,5,180.88,0.0,904.4,180.6,July,2023Q3
ORD-1689,2023-07-29 04:06:12.310258,Standard Class,Home Office,North,Electronics,Headphones,1,932.14,0.0,932.14,132.42,July,2023Q3
ORD-1690,2023-07-29 11:23:22.168473,Standard Class,Consumer,East,Furniture,Office Chair,3,307.42,0.0,922.26,197.58,July,2023Q3
ORD-1691,2023-07-29 18:40:32.026688,Second Class,Consumer,East,Furniture,Filing Cabinet,3,261.66,0.0,784.98,160.86,July,2023Q3
ORD-1692,2023-07-30 01:57:41.884904,First Class,Consumer,West,Office Supplies,Printer Paper,6,88.09,0.1,475.69,161.05,July,2023Q3
ORD-1693,2023-07-30 09:14:51.743119,Same Day,Home Office,South,Electronics,Tablet,1,922.33,0.1,830.1,110.82,July,2023Q3
ORD-1694,2023-07-30 16:32:01.601334,Standard Class,Corporate,North,Electronics,Tablet,6,659.95,0.05,3761.72,868.93,July,2023Q3
ORD-1695,2023-07-30 23:49:11.459549,Standard Class,Home Office,North,Office Supplies,Notebooks,6,72.32,0.1,390.53,83.01,July,2023Q3
ORD-1696,2023-07-31 07:06:21.317764,Standard Class,Corporate,South,Electronics,Camera,5,454.98,0.0,2274.9,434.37,July,2023Q3
ORD-1697,2023-07-31 14:23:31.175979,First Class,Consumer,South,Office Supplies,Notebooks,6,84.66,0.1,457.16,142.3,July,2023Q3
ORD-1698,2023-07-31 21:40:41.034195,Standard Class,Consumer,East,Electronics,Smartwatch,7,725.13,0.0,5075.91,713.42,July,2023Q3
ORD-1699,2023-08-01 04:57:50.892410,Same Day,Corporate,South,Furniture,Filing Cabinet,6,393.57,0.0,2361.42,410.7,August,2023Q3
ORD-1700,2023-08-01 12:15:00.750625,Standard Class,Consumer,West,Office Supplies,Pens Set,5,31.33,0.15,133.15,46.96,August,2023Q3
ORD-1701,2023-08-01 19:32:10.608840,Same Day,Corporate,West,Electronics,Smartwatch,7,929.47,0.15,5530.35,1226.95,August,2023Q3
ORD-1702,2023-08-02 02:49:20.467055,First Class,Consumer,East,Furniture,Desk,3,443.72,0.1,1198.04,229.25,August,2023Q3
ORD-1703,2023-08-02 10:06:30.325271,First Class,Consumer,West,Electronics,Headphones,2,408.74,0.0,817.48,141.67,August,2023Q3
ORD-1704,2023-08-02 17:23:40.183486,Standard Class,Corporate,East,Electronics,Laptop,4,706.6,0.0,2826.4,464.49,August,2023Q3
ORD-1705,2023-08-03 00:40:50.041701,Standard Class,Corporate,East,Sports,Yoga Mat,6,202.07,0.25,909.32,135.22,August,2023Q3
ORD-1706,2023-08-03 07:57:59.899916,Standard Class,Corporate,North,Furniture,Filing Cabinet,7,403.55,0.0,2824.85,686.05,August,2023Q3
ORD-1707,2023-08-03 15:15:09.758131,Standard Class,Consumer,South,Clothing,Shoes,2,148.66,0.0,297.32,88.83,August,2023Q3
ORD-1708,2023-08-03 22:32:19.616346,Standard Class,Corporate,East,Electronics,Headphones,5,688.65,0.0,3443.25,547.23,August,2023Q3
ORD-1709,2023-08-04 05:49:29.474562,Standard Class,Consumer,West,Office Supplies,Printer Paper,2,95.24,0.0,190.48,73.95,August,2023Q3
ORD-1710,2023-08-04 13:06:39.332777,Standard Class,Consumer,South,Clothing,Accessories,4,58.3,0.0,233.2,43.46,August,2023Q3
ORD-1711,2023-08-04 20:23:49.190992,Second Class,Consumer,West,Office Supplies,Printer Paper,2,34.65,0.05,65.83,21.67,August,2023Q3
ORD-1712,2023-08-05 03:40:59.049207,Second Class,Consumer,East,Furniture,Desk,7,245.8,0.05,1634.57,348.43,August,2023Q3
ORD-1713,2023-08-05 10:58:08.907422,Standard Class,Consumer,North,Furniture,Filing Cabinet,2,477.2,0.2,763.52,162.59,August,2023Q3
ORD-1714,2023-08-05 18:15:18.765638,Same Day,Consumer,West,Furniture,Sofa,2,457.23,0.0,914.46,196.07,August,2023Q3
ORD-1715,2023-08-06 01:32:28.623853,Standard Class,Consumer,East,Sports,Cycle,2,243.28,0.0,486.56,83.22,August,2023Q3
ORD-1716,2023-08-06 08:49:38.482068,Standard Class,Consumer,South,Clothing,Jacket,1,150.67,0.05,143.14,40.41,August,2023Q3
ORD-1717,2023-08-06 16:06:48.340283,Standard Class,Consumer,East,Sports,Cricket Bat,6,169.6,0.1,915.84,207.52,August,2023Q3
ORD-1718,2023-08-06 23:23:58.198498,First Class,Consumer,North,Electronics,Headphones,5,984.12,0.05,4674.57,731.57,August,2023Q3
ORD-1719,2023-08-07 06:41:08.056713,Standard Class,Consumer,East,Office Supplies,Stapler,4,46.16,0.15,156.94,56.55,August,2023Q3
ORD-1720,2023-08-07 13:58:17.914929,Standard Class,Corporate,South,Sports,Football,5,231.97,0.0,1159.85,206.48,August,2023Q3
ORD-1721,2023-08-07 21:15:27.773144,Second Class,Consumer,South,Electronics,Smartwatch,1,577.29,0.15,490.7,100.25,August,2023Q3
ORD-1722,2023-08-08 04:32:37.631359,Standard Class,Consumer,West,Electronics,Tablet,1,737.09,0.05,700.24,97.38,August,2023Q3
ORD-1723,2023-08-08 11:49:47.489574,Second Class,Consumer,East,Office Supplies,Pens Set,7,79.36,0.0,555.52,133.53,August,2023Q3
ORD-1724,2023-08-08 19:06:57.347789,First Class,Corporate,North,Office Supplies,Pens Set,1,72.63,0.2,58.1,15.5,August,2023Q3
ORD-1725,2023-08-09 02:24:07.206005,Same Day,Home Office,South,Clothing,Formal Shirt,6,70.11,0.1,378.59,99.98,August,2023Q3
ORD-1726,2023-08-09 09:41:17.064220,Standard Class,Corporate,West,Electronics,Smartphone,1,588.92,0.0,588.92,115.26,August,2023Q3
ORD-1727,2023-08-09 16:58:26.922435,Standard Class,Corporate,North,Clothing,Jacket,2,127.36,0.0,254.72,59.72,August,2023Q3
ORD-1728,2023-08-10 00:15:36.780650,Standard Class,Consumer,North,Electronics,Smartphone,5,881.31,0.0,4406.55,592.27,August,2023Q3
ORD-1729,2023-08-10 07:32:46.638865,Standard Class,Corporate,North,Electronics,Smartwatch,3,589.42,0.1,1591.43,264.74,August,2023Q3
ORD-1730,2023-08-10 14:49:56.497080,Standard Class,Corporate,North,Electronics,Monitor,4,931.5,0.0,3726.0,746.64,August,2023Q3
ORD-1731,2023-08-10 22:07:06.355296,Standard Class,Consumer,West,Clothing,Formal Shirt,1,110.89,0.0,110.89,30.57,August,2023Q3
ORD-1732,2023-08-11 05:24:16.213511,Same Day,Consumer,East,Office Supplies,Stapler,5,66.51,0.0,332.55,79.42,August,2023Q3
ORD-1733,2023-08-11 12:41:26.071726,First Class,Consumer,South,Office Supplies,Notebooks,7,84.33,0.1,531.28,112.31,August,2023Q3
ORD-1734,2023-08-11 19:58:35.929941,Standard Class,Home Office,East,Furniture,Bookshelf,1,429.21,0.15,364.83,92.45,August,2023Q3
ORD-1735,2023-08-12 03:15:45.788156,Standard Class,Corporate,South,Clothing,Accessories,6,181.59,0.15,926.11,176.85,August,2023Q3
ORD-1736,2023-08-12 10:32:55.646371,Standard Class,Corporate,West,Furniture,Office Chair,1,463.83,0.0,463.83,76.47,August,2023Q3
ORD-1737,2023-08-12 17:50:05.504587,Standard Class,Consumer,West,Clothing,Shoes,1,122.09,0.2,97.67,17.13,August,2023Q3
ORD-1738,2023-08-13 01:07:15.362802,Second Class,Consumer,South,Furniture,Bookshelf,1,178.57,0.1,160.71,33.93,August,2023Q3
ORD-1739,2023-08-13 08:24:25.221017,Second Class,Consumer,West,Furniture,Sofa,7,353.35,0.2,1978.76,436.18,August,2023Q3
ORD-1740,2023-08-13 15:41:35.079232,First Class,Consumer,East,Furniture,Office Chair,1,302.06,0.05,286.96,68.35,August,2023Q3
ORD-1741,2023-08-13 22:58:44.937447,Second Class,Corporate,South,Furniture,Sofa,4,503.15,0.05,1911.97,369.16,August,2023Q3
ORD-1742,2023-08-14 06:15:54.795663,Standard Class,Corporate,North,Office Supplies,Printer Paper,5,42.0,0.15,178.5,60.31,August,2023Q3
ORD-1743,2023-08-14 13:33:04.653878,Second Class,Consumer,South,Office Supplies,Notebooks,6,41.78,0.0,250.68,60.28,August,2023Q3
ORD-1744,2023-08-14 20:50:14.512093,Standard Class,Corporate,East,Electronics,Smartwatch,1,406.45,0.05,386.13,83.35,August,2023Q3
ORD-1745,2023-08-15 04:07:24.370308,Standard Class,Consumer,West,Clothing,Shoes,1,68.08,0.15,57.87,15.09,August,2023Q3
ORD-1746,2023-08-15 11:24:34.228523,Standard Class,Home Office,East,Furniture,Sofa,1,307.33,0.15,261.23,60.36,August,2023Q3
ORD-1747,2023-08-15 18:41:44.086738,Standard Class,Consumer,West,Office Supplies,Folders,1,90.79,0.2,72.63,17.99,August,2023Q3
ORD-1748,2023-08-16 01:58:53.944954,Standard Class,Consumer,East,Sports,Yoga Mat,2,220.79,0.1,397.42,59.17,August,2023Q3
ORD-1749,2023-08-16 09:16:03.803169,Standard Class,Consumer,West,Office Supplies,Printer Paper,2,79.94,0.0,159.88,46.95,August,2023Q3
ORD-1750,2023-08-16 16:33:13.661384,First Class,Consumer,East,Electronics,Headphones,3,844.08,0.0,2532.24,487.42,August,2023Q3
ORD-1751,2023-08-16 23:50:23.519599,Standard Class,Consumer,South,Sports,Cricket Bat,1,123.73,0.05,117.54,17.8,August,2023Q3
ORD-1752,2023-08-17 07:07:33.377814,Standard Class,Corporate,East,Office Supplies,Folders,3,90.9,0.05,259.07,98.73,August,2023Q3
ORD-1753,2023-08-17 14:24:43.236030,Standard Class,Home Office,West,Furniture,Sofa,4,229.51,0.0,918.04,260.19,August,2023Q3
ORD-1754,2023-08-17 21:41:53.094245,Second Class,Corporate,North,Electronics,Monitor,3,512.17,0.0,1536.51,284.12,August,2023Q3
ORD-1755,2023-08-18 04:59:02.952460,Standard Class,Consumer,West,Clothing,Accessories,5,130.8,0.05,621.3,197.27,August,2023Q3
ORD-1756,2023-08-18 12:16:12.810675,Same Day,Corporate,North,Office Supplies,Stapler,2,34.41,0.1,61.94,15.01,August,2023Q3
ORD-1757,2023-08-18 19:33:22.668890,First Class,Consumer,East,Office Supplies,Stapler,2,79.57,0.25,119.35,25.61,August,2023Q3
ORD-1758,2023-08-19 02:50:32.527105,Standard Class,Consumer,West,Clothing,Shoes,1,103.67,0.1,93.3,16.88,August,2023Q3
ORD-1759,2023-08-19 10:07:42.385321,Second Class,Corporate,North,Clothing,Accessories,1,157.68,0.15,134.03,35.27,August,2023Q3
ORD-1760,2023-08-19 17:24:52.243536,Standard Class,Corporate,North,Electronics,Smartwatch,4,624.89,0.1,2249.6,298.43,August,2023Q3
ORD-1761,2023-08-20 00:42:02.101751,Standard Class,Consumer,South,Furniture,Filing Cabinet,6,249.03,0.25,1120.64,314.37,August,2023Q3
ORD-1762,2023-08-20 07:59:11.959966,Second Class,Consumer,West,Electronics,Camera,4,799.03,0.1,2876.51,406.53,August,2023Q3
ORD-1763,2023-08-20 15:16:21.818181,Standard Class,Home Office,North,Office Supplies,Pens Set,5,45.15,0.15,191.89,50.82,August,2023Q3
ORD-1764,2023-08-20 22:33:31.676397,Standard Class,Consumer,West,Electronics,Camera,1,623.38,0.2,498.7,107.14,August,2023Q3
ORD-1765,2023-08-21 05:50:41.534612,Standard Class,Consumer,North,Office Supplies,Stapler,1,32.44,0.2,25.95,6.47,August,2023Q3
ORD-1766,2023-08-21 13:07:51.392827,Standard Class,Corporate,West,Clothing,Accessories,4,135.03,0.0,540.12,114.21,August,2023Q3
ORD-1767,2023-08-21 20:25:01.251042,First Class,Consumer,West,Clothing,Accessories,4,141.56,0.0,566.24,153.65,August,2023Q3
ORD-1768,2023-08-22 03:42:11.109257,Standard Class,Consumer,South,Furniture,Desk,4,337.65,0.0,1350.6,257.21,August,2023Q3
ORD-1769,2023-08-22 10:59:20.967472,Second Class,Consumer,East,Clothing,Trousers,2,180.8,0.0,361.6,75.07,August,2023Q3
ORD-1770,2023-08-22 18:16:30.825688,Standard Class,Corporate,South,Electronics,Monitor,3,899.4,0.0,2698.2,414.04,August,2023Q3
ORD-1771,2023-08-23 01:33:40.683903,Second Class,Corporate,East,Clothing,Accessories,3,147.28,0.0,441.84,109.84,August,2023Q3
ORD-1772,2023-08-23 08:50:50.542118,Standard Class,Corporate,North,Electronics,Laptop,1,783.83,0.0,783.83,180.55,August,2023Q3
ORD-1773,2023-08-23 16:08:00.400333,Standard Class,Home Office,North,Furniture,Filing Cabinet,2,281.08,0.05,534.05,140.91,August,2023Q3
ORD-1774,2023-08-23 23:25:10.258548,First Class,Corporate,North,Clothing,Accessories,4,140.33,0.1,505.19,109.98,August,2023Q3
ORD-1775,2023-08-24 06:42:20.116763,Standard Class,Consumer,South,Electronics,Smartphone,1,412.71,0.0,412.71,68.2,August,2023Q3
ORD-1776,2023-08-24 13:59:29.974979,Standard Class,Consumer,North,Electronics,Smartphone,2,373.68,0.1,672.62,118.49,August,2023Q3
ORD-1777,2023-08-24 21:16:39.833194,Standard Class,Corporate,East,Office Supplies,Folders,5,98.96,0.1,445.32,171.99,August,2023Q3
ORD-1778,2023-08-25 04:33:49.691409,Second Class,Corporate,West,Office Supplies,Folders,6,71.81,0.05,409.32,98.66,August,2023Q3
ORD-1779,2023-08-25 11:50:59.549624,Standard Class,Corporate,South,Office Supplies,Folders,2,58.03,0.2,92.85,25.47,August,2023Q3
ORD-1780,2023-08-25 19:08:09.407839,First Class,Corporate,East,Office Supplies,Pens Set,7,47.75,0.0,334.25,114.08,August,2023Q3
ORD-1781,2023-08-26 02:25:19.266055,Standard Class,Consumer,South,Office Supplies,Folders,1,70.48,0.0,70.48,27.03,August,2023Q3
ORD-1782,2023-08-26 09:42:29.124270,Standard Class,Consumer,West,Electronics,Smartwatch,3,305.71,0.05,871.27,124.43,August,2023Q3
ORD-1783,2023-08-26 16:59:38.982485,Second Class,Consumer,West,Furniture,Sofa,7,210.42,0.0,1472.94,271.04,August,2023Q3
ORD-1784,2023-08-27 00:16:48.840700,Second Class,Consumer,West,Electronics,Laptop,4,293.66,0.05,1115.91,167.8,August,2023Q3
ORD-1785,2023-08-27 07:33:58.698915,First Class,Consumer,West,Sports,Football,6,167.84,0.0,1007.04,143.52,August,2023Q3
ORD-1786,2023-08-27 14:51:08.557130,Same Day,Corporate,North,Office Supplies,Notebooks,5,70.24,0.0,351.2,111.94,August,2023Q3
ORD-1787,2023-08-27 22:08:18.415346,Standard Class,Corporate,West,Furniture,Sofa,6,195.99,0.0,1175.94,285.2,August,2023Q3
ORD-1788,2023-08-28 05:25:28.273561,Standard Class,Consumer,East,Furniture,Bookshelf,6,491.11,0.0,2946.66,688.14,August,2023Q3
ORD-1789,2023-08-28 12:42:38.131776,Standard Class,Consumer,North,Sports,Cycle,2,116.24,0.1,209.23,31.08,August,2023Q3
ORD-1790,2023-08-28 19:59:47.989991,Second Class,Consumer,West,Electronics,Headphones,1,763.35,0.05,725.18,96.79,August,2023Q3
ORD-1791,2023-08-29 03:16:57.848206,First Class,Consumer,North,Office Supplies,Folders,1,97.7,0.0,97.7,24.22,August,2023Q3
ORD-1792,2023-08-29 10:34:07.706422,Standard Class,Corporate,East,Office Supplies,Pens Set,6,76.76,0.0,460.56,120.78,August,2023Q3
ORD-1793,2023-08-29 17:51:17.564637,Standard Class,Corporate,North,Office Supplies,Printer Paper,4,90.59,0.0,362.36,127.4,August,2023Q3
ORD-1794,2023-08-30 01:08:27.422852,Standard Class,Corporate,South,Electronics,Smartphone,1,952.7,0.0,952.7,136.44,August,2023Q3
ORD-1795,2023-08-30 08:25:37.281067,First Class,Corporate,East,Clothing,Shoes,6,117.2,0.15,597.72,108.55,August,2023Q3
ORD-1796,2023-08-30 15:42:47.139282,Standard Class,Corporate,East,Sports,Yoga Mat,1,206.85,0.0,206.85,38.74,August,2023Q3
ORD-1797,2023-08-30 22:59:56.997497,Standard Class,Consumer,South,Office Supplies,Pens Set,4,88.34,0.1,318.02,90.62,August,2023Q3
ORD-1798,2023-08-31 06:17:06.855713,Standard Class,Consumer,South,Office Supplies,Stapler,5,52.68,0.15,223.89,65.19,August,2023Q3
ORD-1799,2023-08-31 13:34:16.713928,First Class,Consumer,West,Sports,Gym Equipment,7,122.19,0.0,855.33,204.62,August,2023Q3
ORD-1800,2023-08-31 20:51:26.572143,Second Class,Home Office,North,Office Supplies,Folders,6,95.16,0.05,542.41,123.47,August,2023Q3
ORD-1801,2023-09-01 04:08:36.430358,Second Class,Consumer,South,Electronics,Headphones,3,792.94,0.25,1784.12,360.44,September,2023Q3
ORD-1802,2023-09-01 11:25:46.288573,Standard Class,Consumer,West,Office Supplies,Folders,3,42.82,0.15,109.19,29.57,September,2023Q3
ORD-1803,2023-09-01 18:42:56.146788,Standard Class,Home Office,West,Office Supplies,Pens Set,6,59.33,0.05,338.18,89.89,September,2023Q3
ORD-1804,2023-09-02 02:00:06.005004,Second Class,Home Office,South,Furniture,Filing Cabinet,2,524.81,0.1,944.66,261.76,September,2023Q3
ORD-1805,2023-09-02 09:17:15.863219,Same Day,Corporate,East,Office Supplies,Pens Set,5,66.39,0.15,282.16,71.87,September,2023Q3
ORD-1806,2023-09-02 16:34:25.721434,Standard Class,Consumer,West,Sports,Cycle,2,196.79,0.0,393.58,85.45,September,2023Q3
ORD-1807,2023-09-02 23:51:35.579649,Standard Class,Consumer,West,Sports,Gym Equipment,7,216.72,0.2,1213.63,209.98,September,2023Q3
ORD-1808,2023-09-03 07:08:45.437864,Standard Class,Consumer,East,Furniture,Office Chair,3,446.66,0.05,1272.98,281.26,September,2023Q3
ORD-1809,2023-09-03 14:25:55.296080,Standard Class,Consumer,North,Electronics,Laptop,4,658.86,0.05,2503.67,528.07,September,2023Q3
ORD-1810,2023-09-03 21:43:05.154295,First Class,Consumer,North,Sports,Gym Equipment,6,215.93,0.25,971.68,238.85,September,2023Q3
ORD-1811,2023-09-04 05:00:15.012510,Standard Class,Consumer,South,Clothing,Formal Shirt,7,149.95,0.15,892.2,268.38,September,2023Q3
ORD-1812,2023-09-04 12:17:24.870725,Standard Class,Home Office,East,Electronics,Laptop,1,723.51,0.0,723.51,136.65,September,2023Q3
ORD-1813,2023-09-04 19:34:34.728940,Standard Class,Consumer,North,Sports,Cricket Bat,3,141.08,0.0,423.24,71.89,September,2023Q3
ORD-1814,2023-09-05 02:51:44.587155,Standard Class,Corporate,East,Clothing,Shoes,5,106.19,0.1,477.86,131.02,September,2023Q3
ORD-1815,2023-09-05 10:08:54.445371,Standard Class,Corporate,South,Office Supplies,Folders,3,96.87,0.1,261.55,88.35,September,2023Q3
ORD-1816,2023-09-05 17:26:04.303586,Standard Class,Consumer,South,Office Supplies,Notebooks,5,35.09,0.1,157.91,33.47,September,2023Q3
ORD-1817,2023-09-06 00:43:14.161801,Standard Class,Corporate,West,Furniture,Desk,5,288.29,0.25,1081.09,229.16,September,2023Q3
ORD-1818,2023-09-06 08:00:24.020016,Second Class,Consumer,South,Electronics,Smartphone,6,624.53,0.15,3185.1,691.4,September,2023Q3
ORD-1819,2023-09-06 15:17:33.878231,Standard Class,Consumer,North,Furniture,Desk,5,542.85,0.05,2578.54,563.73,September,2023Q3
ORD-1820,2023-09-06 22:34:43.736447,Standard Class,Corporate,West,Clothing,Shoes,2,73.26,0.0,146.52,32.48,September,2023Q3
ORD-1821,2023-09-07 05:51:53.594662,Same Day,Consumer,North,Electronics,Smartwatch,7,469.41,0.05,3121.58,687.23,September,2023Q3
ORD-1822,2023-09-07 13:09:03.452877,Second Class,Home Office,East,Furniture,Sofa,4,197.48,0.1,710.93,124.11,September,2023Q3
ORD-1823,2023-09-07 20:26:13.311092,Second Class,Consumer,East,Furniture,Bookshelf,3,484.28,0.1,1307.56,237.0,September,2023Q3
ORD-1824,2023-09-08 03:43:23.169307,Standard Class,Corporate,South,Office Supplies,Pens Set,4,44.15,0.05,167.77,55.99,September,2023Q3
ORD-1825,2023-09-08 11:00:33.027522,Standard Class,Consumer,West,Sports,Football,7,146.63,0.05,975.09,177.75,September,2023Q3
ORD-1826,2023-09-08 18:17:42.885738,Standard Class,Consumer,East,Furniture,Office Chair,1,366.78,0.0,366.78,91.0,September,2023Q3
ORD-1827,2023-09-09 01:34:52.743953,Standard Class,Consumer,South,Furniture,Office Chair,7,567.31,0.0,3971.17,694.23,September,2023Q3
ORD-1828,2023-09-09 08:52:02.602168,Standard Class,Corporate,North,Office Supplies,Printer Paper,3,56.62,0.05,161.37,41.22,September,2023Q3
ORD-1829,2023-09-09 16:09:12.460383,First Class,Corporate,South,Furniture,Filing Cabinet,4,233.06,0.0,932.24,162.84,September,2023Q3
ORD-1830,2023-09-09 23:26:22.318598,Standard Class,Corporate,West,Electronics,Tablet,4,647.51,0.0,2590.04,592.9,September,2023Q3
ORD-1831,2023-09-10 06:43:32.176814,Standard Class,Consumer,South,Furniture,Filing Cabinet,6,599.41,0.0,3596.46,746.31,September,2023Q3
ORD-1832,2023-09-10 14:00:42.035029,Standard Class,Corporate,East,Electronics,Headphones,6,707.53,0.05,4032.92,655.03,September,2023Q3
ORD-1833,2023-09-10 21:17:51.893244,Standard Class,Corporate,East,Electronics,Laptop,7,978.04,0.0,6846.28,873.13,September,2023Q3
ORD-1834,2023-09-11 04:35:01.751459,Second Class,Corporate,East,Furniture,Filing Cabinet,7,544.82,0.15,3241.68,564.87,September,2023Q3
ORD-1835,2023-09-11 11:52:11.609674,Standard Class,Consumer,North,Furniture,Filing Cabinet,1,184.11,0.05,174.9,36.66,September,2023Q3
ORD-1836,2023-09-11 19:09:21.467889,Second Class,Corporate,South,Sports,Gym Equipment,5,198.41,0.1,892.84,132.34,September,2023Q3
ORD-1837,2023-09-12 02:26:31.326105,Same Day,Corporate,East,Furniture,Bookshelf,3,296.47,0.1,800.47,177.24,September,2023Q3
ORD-1838,2023-09-12 09:43:41.184320,Standard Class,Consumer,North,Office Supplies,Notebooks,6,67.29,0.0,403.74,117.85,September,2023Q3
ORD-1839,2023-09-12 17:00:51.042535,Standard Class,Corporate,North,Office Supplies,Folders,3,47.11,0.05,134.26,46.73,September,2023Q3
ORD-1840,2023-09-13 00:18:00.900750,First Class,Corporate,North,Electronics,Tablet,1,521.19,0.2,416.95,82.25,September,2023Q3
ORD-1841,2023-09-13 07:35:10.758965,Second Class,Consumer,South,Office Supplies,Stapler,6,93.47,0.1,504.74,146.51,September,2023Q3
ORD-1842,2023-09-13 14:52:20.617180,Standard Class,Consumer,West,Electronics,Laptop,6,418.78,0.25,1884.51,283.17,September,2023Q3
ORD-1843,2023-09-13 22:09:30.475396,First Class,Consumer,North,Sports,Cycle,5,239.83,0.1,1079.24,245.23,September,2023Q3
ORD-1844,2023-09-14 05:26:40.333611,Standard Class,Corporate,North,Electronics,Headphones,3,291.93,0.0,875.79,177.3,September,2023Q3
ORD-1845,2023-09-14 12:43:50.191826,First Class,Corporate,South,Furniture,Filing Cabinet,3,208.71,0.0,626.13,109.09,September,2023Q3
ORD-1846,2023-09-14 20:01:00.050041,Standard Class,Consumer,East,Electronics,Smartphone,3,885.37,0.05,2523.3,567.22,September,2023Q3
ORD-1847,2023-09-15 03:18:09.908256,Standard Class,Corporate,East,Sports,Yoga Mat,5,193.07,0.0,965.35,142.61,September,2023Q3
ORD-1848,2023-09-15 10:35:19.766472,First Class,Home Office,South,Office Supplies,Stapler,6,80.8,0.0,484.8,106.61,September,2023Q3
ORD-1849,2023-09-15 17:52:29.624687,Standard Class,Consumer,East,Office Supplies,Printer Paper,1,42.08,0.15,35.77,8.72,September,2023Q3
ORD-1850,2023-09-16 01:09:39.482902,Standard Class,Home Office,East,Electronics,Monitor,3,656.7,0.0,1970.1,441.74,September,2023Q3
ORD-1851,2023-09-16 08:26:49.341117,Standard Class,Home Office,West,Office Supplies,Stapler,4,80.08,0.0,320.32,97.25,September,2023Q3
ORD-1852,2023-09-16 15:43:59.199332,Same Day,Corporate,West,Electronics,Monitor,5,721.67,0.15,3067.1,647.46,September,2023Q3
ORD-1853,2023-09-16 23:01:09.057547,First Class,Corporate,North,Clothing,Jacket,2,115.15,0.15,195.76,40.95,September,2023Q3
ORD-1854,2023-09-17 06:18:18.915763,Second Class,Home Office,North,Electronics,Headphones,1,961.04,0.0,961.04,171.97,September,2023Q3
ORD-1855,2023-09-17 13:35:28.773978,Standard Class,Corporate,North,Electronics,Tablet,4,756.83,0.15,2573.22,423.8,September,2023Q3
ORD-1856,2023-09-17 20:52:38.632193,First Class,Consumer,South,Electronics,Tablet,3,923.58,0.15,2355.13,507.31,September,2023Q3
ORD-1857,2023-09-18 04:09:48.490408,Standard Class,Corporate,West,Furniture,Desk,2,494.94,0.05,940.39,147.63,September,2023Q3
ORD-1858,2023-09-18 11:26:58.348623,Standard Class,Corporate,South,Office Supplies,Folders,1,79.95,0.0,79.95,20.3,September,2023Q3
ORD-1859,2023-09-18 18:44:08.206839,Second Class,Corporate,North,Electronics,Smartwatch,5,327.61,0.0,1638.05,233.39,September,2023Q3
ORD-1860,2023-09-19 02:01:18.065054,Standard Class,Consumer,East,Clothing,Trousers,2,99.89,0.05,189.79,57.67,September,2023Q3
ORD-1861,2023-09-19 09:18:27.923269,Standard Class,Corporate,East,Furniture,Sofa,6,552.55,0.0,3315.3,715.16,September,2023Q3
ORD-1862,2023-09-19 16:35:37.781484,Standard Class,Consumer,North,Office Supplies,Notebooks,7,43.75,0.25,229.69,64.95,September,2023Q3
ORD-1863,2023-09-19 23:52:47.639699,Standard Class,Home Office,South,Furniture,Office Chair,2,219.75,0.1,395.55,84.38,September,2023Q3
ORD-1864,2023-09-20 07:09:57.497914,First Class,Consumer,South,Furniture,Office Chair,7,314.1,0.1,1978.83,558.61,September,2023Q3
ORD-1865,2023-09-20 14:27:07.356130,Standard Class,Consumer,East,Office Supplies,Pens Set,4,42.87,0.2,137.18,49.8,September,2023Q3
ORD-1866,2023-09-20 21:44:17.214345,Second Class,Consumer,North,Electronics,Monitor,1,936.21,0.2,748.97,151.51,September,2023Q3
ORD-1867,2023-09-21 05:01:27.072560,Standard Class,Consumer,North,Electronics,Smartphone,4,894.94,0.0,3579.76,563.35,September,2023Q3
ORD-1868,2023-09-21 12:18:36.930775,Standard Class,Corporate,East,Clothing,Jacket,4,118.96,0.0,475.84,95.06,September,2023Q3
ORD-1869,2023-09-21 19:35:46.788990,Standard Class,Home Office,North,Sports,Gym Equipment,3,83.78,0.1,226.21,56.68,September,2023Q3
ORD-1870,2023-09-22 02:52:56.647206,Second Class,Corporate,East,Furniture,Sofa,5,488.12,0.0,2440.6,512.15,September,2023Q3
ORD-1871,2023-09-22 10:10:06.505421,Second Class,Consumer,South,Electronics,Camera,2,718.86,0.05,1365.83,213.21,September,2023Q3
ORD-1872,2023-09-22 17:27:16.363636,First Class,Consumer,South,Office Supplies,Printer Paper,1,96.88,0.1,87.19,25.7,September,2023Q3
ORD-1873,2023-09-23 00:44:26.221851,Second Class,Corporate,West,Furniture,Office Chair,6,418.41,0.2,2008.37,552.61,September,2023Q3
ORD-1874,2023-09-23 08:01:36.080066,Standard Class,Home Office,East,Electronics,Laptop,5,512.2,0.05,2432.95,408.26,September,2023Q3
ORD-1875,2023-09-23 15:18:45.938281,Second Class,Consumer,North,Electronics,Laptop,5,643.7,0.15,2735.72,510.94,September,2023Q3
ORD-1876,2023-09-23 22:35:55.796497,First Class,Consumer,East,Office Supplies,Pens Set,1,97.51,0.0,97.51,34.57,September,2023Q3
ORD-1877,2023-09-24 05:53:05.654712,Second Class,Consumer,East,Office Supplies,Pens Set,5,77.14,0.1,347.13,99.59,September,2023Q3
ORD-1878,2023-09-24 13:10:15.512927,Standard Class,Home Office,East,Electronics,Smartphone,3,753.82,0.0,2261.46,341.98,September,2023Q3
ORD-1879,2023-09-24 20:27:25.371142,Standard Class,Corporate,North,Electronics,Smartwatch,5,443.29,0.15,1883.98,439.74,September,2023Q3
ORD-1880,2023-09-25 03:44:35.229357,Second Class,Consumer,West,Electronics,Headphones,3,805.39,0.0,2416.17,554.05,September,2023Q3
ORD-1881,2023-09-25 11:01:45.087572,Second Class,Consumer,South,Office Supplies,Printer Paper,2,81.02,0.1,145.84,52.77,September,2023Q3
ORD-1882,2023-09-25 18:18:54.945788,Standard Class,Home Office,North,Electronics,Tablet,2,498.45,0.0,996.9,199.72,September,2023Q3
ORD-1883,2023-09-26 01:36:04.804003,First Class,Consumer,North,Electronics,Smartphone,4,618.27,0.0,2473.08,390.36,September,2023Q3
ORD-1884,2023-09-26 08:53:14.662218,Same Day,Consumer,North,Clothing,Accessories,3,91.07,0.05,259.55,80.98,September,2023Q3
ORD-1885,2023-09-26 16:10:24.520433,Standard Class,Corporate,West,Electronics,Smartwatch,6,456.27,0.05,2600.74,405.09,September,2023Q3
ORD-1886,2023-09-26 23:27:34.378648,First Class,Consumer,North,Office Supplies,Printer Paper,2,28.86,0.0,57.72,20.44,September,2023Q3
ORD-1887,2023-09-27 06:44:44.236864,Standard Class,Consumer,North,Electronics,Smartphone,5,475.35,0.0,2376.75,535.18,September,2023Q3
ORD-1888,2023-09-27 14:01:54.095079,Standard Class,Corporate,West,Electronics,Tablet,1,668.86,0.1,601.97,115.05,September,2023Q3
ORD-1889,2023-09-27 21:19:03.953294,Standard Class,Home Office,South,Electronics,Smartphone,1,271.15,0.1,244.04,51.91,September,2023Q3
ORD-1890,2023-09-28 04:36:13.811509,Standard Class,Corporate,North,Office Supplies,Notebooks,7,47.39,0.0,331.73,116.94,September,2023Q3
ORD-1891,2023-09-28 11:53:23.669724,First Class,Home Office,North,Clothing,Trousers,3,170.87,0.1,461.35,94.1,September,2023Q3
ORD-1892,2023-09-28 19:10:33.527939,Standard Class,Corporate,North,Clothing,Formal Shirt,6,131.74,0.0,790.44,217.52,September,2023Q3
ORD-1893,2023-09-29 02:27:43.386155,Standard Class,Corporate,North,Furniture,Office Chair,4,440.32,0.05,1673.22,278.32,September,2023Q3
ORD-1894,2023-09-29 09:44:53.244370,Standard Class,Consumer,East,Office Supplies,Stapler,5,56.04,0.0,280.2,84.46,September,2023Q3
ORD-1895,2023-09-29 17:02:03.102585,Standard Class,Corporate,North,Electronics,Camera,3,757.06,0.05,2157.62,309.66,September,2023Q3
ORD-1896,2023-09-30 00:19:12.960800,Standard Class,Home Office,North,Electronics,Headphones,7,406.75,0.0,2847.25,486.78,September,2023Q3
ORD-1897,2023-09-30 07:36:22.819015,Second Class,Consumer,East,Clothing,Trousers,1,162.35,0.25,121.76,36.52,September,2023Q3
ORD-1898,2023-09-30 14:53:32.677231,Standard Class,Consumer,East,Electronics,Laptop,3,354.02,0.0,1062.06,247.05,September,2023Q3
ORD-1899,2023-09-30 22:10:42.535446,First Class,Consumer,South,Electronics,Smartphone,5,742.32,0.0,3711.6,595.12,September,2023Q3
ORD-1900,2023-10-01 05:27:52.393661,First Class,Consumer,East,Electronics,Camera,6,515.63,0.0,3093.78,567.56,October,2023Q4
ORD-1901,2023-10-01 12:45:02.251876,Standard Class,Consumer,South,Electronics,Headphones,6,808.21,0.2,3879.41,703.03,October,2023Q4
ORD-1902,2023-10-01 20:02:12.110091,First Class,Corporate,South,Electronics,Camera,2,665.83,0.1,1198.49,274.54,October,2023Q4
ORD-1903,2023-10-02 03:19:21.968306,Standard Class,Home Office,East,Office Supplies,Printer Paper,5,59.57,0.1,268.07,79.39,October,2023Q4
ORD-1904,2023-10-02 10:36:31.826522,Standard Class,Consumer,South,Furniture,Filing Cabinet,7,243.9,0.2,1365.84,336.38,October,2023Q4
ORD-1905,2023-10-02 17:53:41.684737,Standard Class,Consumer,West,Clothing,Shoes,2,137.61,0.2,220.18,68.98,October,2023Q4
ORD-1906,2023-10-03 01:10:51.542952,Standard Class,Consumer,North,Clothing,Jacket,2,183.57,0.1,330.43,76.33,October,2023Q4
ORD-1907,2023-10-03 08:28:01.401167,Standard Class,Home Office,East,Furniture,Office Chair,2,537.87,0.0,1075.74,293.76,October,2023Q4
ORD-1908,2023-10-03 15:45:11.259382,Second Class,Consumer,North,Electronics,Smartwatch,3,313.21,0.15,798.69,179.77,October,2023Q4
ORD-1909,2023-10-03 23:02:21.117598,Standard Class,Consumer,East,Furniture,Bookshelf,7,336.55,0.0,2355.85,652.21,October,2023Q4
ORD-1910,2023-10-04 06:19:30.975813,Second Class,Consumer,East,Office Supplies,Pens Set,1,93.64,0.1,84.28,21.8,October,2023Q4
ORD-1911,2023-10-04 13:36:40.834028,Standard Class,Consumer,West,Electronics,Camera,6,632.19,0.1,3413.83,577.75,October,2023Q4
ORD-1912,2023-10-04 20:53:50.692243,Second Class,Consumer,North,Office Supplies,Notebooks,3,74.67,0.1,201.61,73.92,October,2023Q4
ORD-1913,2023-10-05 04:11:00.550458,Standard Class,Home Office,East,Furniture,Sofa,1,576.84,0.05,548.0,110.37,October,2023Q4
ORD-1914,2023-10-05 11:28:10.408673,Standard Class,Corporate,East,Office Supplies,Notebooks,6,89.91,0.1,485.51,154.41,October,2023Q4
ORD-1915,2023-10-05 18:45:20.266889,Standard Class,Corporate,East,Furniture,Desk,7,392.82,0.2,2199.79,373.05,October,2023Q4
ORD-1916,2023-10-06 02:02:30.125104,Standard Class,Consumer,East,Electronics,Smartwatch,7,585.11,0.0,4095.77,540.96,October,2023Q4
ORD-1917,2023-10-06 09:19:39.983319,Standard Class,Corporate,East,Sports,Cycle,5,137.22,0.0,686.1,129.97,October,2023Q4
ORD-1918,2023-10-06 16:36:49.841534,First Class,Corporate,South,Clothing,Accessories,6,148.79,0.1,803.47,210.38,October,2023Q4
ORD-1919,2023-10-06 23:53:59.699749,Standard Class,Consumer,South,Electronics,Camera,6,476.63,0.25,2144.84,361.22,October,2023Q4
ORD-1920,2023-10-07 07:11:09.557964,Second Class,Corporate,South,Clothing,Shoes,7,84.98,0.0,594.86,155.65,October,2023Q4
ORD-1921,2023-10-07 14:28:19.416180,Second Class,Consumer,North,Furniture,Bookshelf,6,327.6,0.0,1965.6,436.35,October,2023Q4
ORD-1922,2023-10-07 21:45:29.274395,First Class,Corporate,West,Clothing,Jacket,4,75.1,0.0,300.4,83.47,October,2023Q4
ORD-1923,2023-10-08 05:02:39.132610,Standard Class,Consumer,East,Clothing,Formal Shirt,5,145.54,0.0,727.7,198.25,October,2023Q4
ORD-1924,2023-10-08 12:19:48.990825,Standard Class,Home Office,West,Furniture,Sofa,3,444.08,0.2,1065.79,223.82,October,2023Q4
ORD-1925,2023-10-08 19:36:58.849040,First Class,Consumer,North,Electronics,Smartwatch,3,617.67,0.1,1667.71,286.68,October,2023Q4
ORD-1926,2023-10-09 02:54:08.707256,Second Class,Corporate,West,Electronics,Smartwatch,1,551.03,0.1,495.93,70.03,October,2023Q4
ORD-1927,2023-10-09 10:11:18.565471,Standard Class,Corporate,West,Office Supplies,Pens Set,3,92.45,0.05,263.48,79.67,October,2023Q4
ORD-1928,2023-10-09 17:28:28.423686,Standard Class,Corporate,East,Office Supplies,Pens Set,2,29.1,0.15,49.47,15.62,October,2023Q4
ORD-1929,2023-10-10 00:45:38.281901,Standard Class,Consumer,East,Electronics,Smartwatch,6,823.76,0.0,4942.56,877.11,October,2023Q4
ORD-1930,2023-10-10 08:02:48.140116,Standard Class,Consumer,South,Electronics,Smartwatch,3,919.37,0.0,2758.11,444.54,October,2023Q4
ORD-1931,2023-10-10 15:19:57.998331,Second Class,Corporate,West,Clothing,Shoes,1,111.7,0.05,106.12,30.06,October,2023Q4
ORD-1932,2023-10-10 22:37:07.856547,Standard Class,Consumer,East,Sports,Football,1,177.73,0.0,177.73,26.47,October,2023Q4
ORD-1933,2023-10-11 05:54:17.714762,Standard Class,Consumer,North,Office Supplies,Pens Set,2,95.0,0.05,180.5,67.62,October,2023Q4
ORD-1934,2023-10-11 13:11:27.572977,Standard Class,Corporate,South,Electronics,Monitor,1,422.84,0.0,422.84,54.22,October,2023Q4
ORD-1935,2023-10-11 20:28:37.431192,Standard Class,Corporate,West,Electronics,Monitor,7,644.5,0.0,4511.5,1037.35,October,2023Q4
ORD-1936,2023-10-12 03:45:47.289407,Second Class,Consumer,West,Electronics,Tablet,4,611.8,0.0,2447.2,430.55,October,2023Q4
ORD-1937,2023-10-12 11:02:57.147623,First Class,Consumer,West,Sports,Yoga Mat,7,121.61,0.1,766.14,145.2,October,2023Q4
ORD-1938,2023-10-12 18:20:07.005838,Standard Class,Consumer,East,Electronics,Smartwatch,6,859.39,0.0,5156.34,792.51,October,2023Q4
ORD-1939,2023-10-13 01:37:16.864053,First Class,Corporate,North,Office Supplies,Stapler,6,91.77,0.2,440.5,93.3,October,2023Q4
ORD-1940,2023-10-13 08:54:26.722268,Standard Class,Corporate,North,Electronics,Smartwatch,6,832.99,0.0,4997.94,778.07,October,2023Q4
ORD-1941,2023-10-13 16:11:36.580483,Standard Class,Corporate,North,Office Supplies,Folders,5,41.07,0.15,174.55,40.09,October,2023Q4
ORD-1942,2023-10-13 23:28:46.438698,Standard Class,Home Office,North,Office Supplies,Notebooks,3,33.25,0.2,79.8,26.24,October,2023Q4
ORD-1943,2023-10-14 06:45:56.296914,Standard Class,Consumer,South,Clothing,Jacket,4,133.34,0.2,426.69,95.09,October,2023Q4
ORD-1944,2023-10-14 14:03:06.155129,Standard Class,Consumer,North,Electronics,Monitor,3,311.11,0.15,793.33,165.69,October,2023Q4
ORD-1945,2023-10-14 21:20:16.013344,Standard Class,Consumer,South,Electronics,Camera,4,754.43,0.0,3017.72,447.67,October,2023Q4
ORD-1946,2023-10-15 04:37:25.871559,First Class,Consumer,West,Electronics,Tablet,3,651.91,0.0,1955.73,436.57,October,2023Q4
ORD-1947,2023-10-15 11:54:35.729774,Standard Class,Home Office,South,Sports,Cycle,2,199.25,0.05,378.58,76.76,October,2023Q4
ORD-1948,2023-10-15 19:11:45.587989,Second Class,Corporate,West,Clothing,Shoes,7,131.26,0.0,918.82,176.58,October,2023Q4
ORD-1949,2023-10-16 02:28:55.446205,Standard Class,Consumer,East,Office Supplies,Notebooks,1,57.43,0.0,57.43,16.2,October,2023Q4
ORD-1950,2023-10-16 09:46:05.304420,First Class,Consumer,North,Office Supplies,Folders,1,41.46,0.15,35.24,8.71,October,2023Q4
ORD-1951,2023-10-16 17:03:15.162635,Second Class,Corporate,South,Office Supplies,Pens Set,7,49.01,0.05,325.92,80.16,October,2023Q4
ORD-1952,2023-10-17 00:20:25.020850,Standard Class,Corporate,North,Electronics,Smartphone,2,647.64,0.1,1165.75,210.64,October,2023Q4
ORD-1953,2023-10-17 07:37:34.879065,Second Class,Consumer,South,Sports,Gym Equipment,4,197.16,0.2,630.91,139.2,October,2023Q4
ORD-1954,2023-10-17 14:54:44.737281,Standard Class,Home Office,East,Furniture,Sofa,7,517.21,0.1,3258.42,893.89,October,2023Q4
ORD-1955,2023-10-17 22:11:54.595496,Second Class,Corporate,North,Furniture,Filing Cabinet,5,511.69,0.1,2302.6,507.23,October,2023Q4
ORD-1956,2023-10-18 05:29:04.453711,Standard Class,Consumer,North,Office Supplies,Stapler,4,97.03,0.15,329.9,126.63,October,2023Q4
ORD-1957,2023-10-18 12:46:14.311926,Second Class,Home Office,South,Electronics,Laptop,1,475.81,0.0,475.81,108.34,October,2023Q4
ORD-1958,2023-10-18 20:03:24.170141,Second Class,Consumer,West,Electronics,Headphones,5,321.2,0.0,1606.0,352.4,October,2023Q4
ORD-1959,2023-10-19 03:20:34.028356,Standard Class,Home Office,East,Office Supplies,Stapler,3,51.89,0.25,116.75,35.02,October,2023Q4
ORD-1960,2023-10-19 10:37:43.886572,Standard Class,Home Office,East,Electronics,Smartphone,5,805.17,0.2,3220.68,454.82,October,2023Q4
ORD-1961,2023-10-19 17:54:53.744787,First Class,Corporate,North,Office Supplies,Pens Set,4,58.54,0.2,187.33,46.69,October,2023Q4
ORD-1962,2023-10-20 01:12:03.603002,Standard Class,Corporate,East,Electronics,Tablet,2,858.81,0.05,1631.74,319.74,October,2023Q4
ORD-1963,2023-10-20 08:29:13.461217,Standard Class,Consumer,East,Furniture,Office Chair,3,414.1,0.15,1055.96,221.4,October,2023Q4
ORD-1964,2023-10-20 15:46:23.319432,Standard Class,Home Office,East,Electronics,Smartphone,4,939.45,0.0,3757.8,533.06,October,2023Q4
ORD-1965,2023-10-20 23:03:33.177648,Standard Class,Corporate,West,Furniture,Filing Cabinet,3,592.64,0.0,1777.92,386.21,October,2023Q4
ORD-1966,2023-10-21 06:20:43.035863,Same Day,Corporate,South,Office Supplies,Stapler,5,31.99,0.05,151.95,32.39,October,2023Q4
ORD-1967,2023-10-21 13:37:52.894078,Standard Class,Home Office,West,Electronics,Tablet,1,598.62,0.05,568.69,116.73,October,2023Q4
ORD-1968,2023-10-21 20:55:02.752293,Standard Class,Home Office,West,Office Supplies,Pens Set,4,70.9,0.0,283.6,63.31,October,2023Q4
ORD-1969,2023-10-22 04:12:12.610508,Second Class,Corporate,North,Furniture,Office Chair,2,282.63,0.0,565.26,133.99,October,2023Q4
ORD-1970,2023-10-22 11:29:22.468723,First Class,Consumer,South,Office Supplies,Folders,7,56.31,0.0,394.17,139.04,October,2023Q4
ORD-1971,2023-10-22 18:46:32.326939,Standard Class,Home Office,West,Sports,Gym Equipment,5,202.11,0.05,960.02,149.68,October,2023Q4
ORD-1972,2023-10-23 02:03:42.185154,Standard Class,Corporate,North,Office Supplies,Printer Paper,4,43.32,0.15,147.29,44.68,October,2023Q4
ORD-1973,2023-10-23 09:20:52.043369,First Class,Home Office,East,Electronics,Headphones,2,703.43,0.1,1266.17,266.07,October,2023Q4
ORD-1974,2023-10-23 16:38:01.901584,Second Class,Corporate,West,Electronics,Camera,4,772.16,0.0,3088.64,476.11,October,2023Q4
ORD-1975,2023-10-23 23:55:11.759799,Standard Class,Consumer,East,Electronics,Smartphone,5,335.16,0.05,1592.01,228.6,October,2023Q4
ORD-1976,2023-10-24 07:12:21.618015,Standard Class,Consumer,North,Office Supplies,Pens Set,4,62.82,0.1,226.15,61.2,October,2023Q4
ORD-1977,2023-10-24 14:29:31.476230,Standard Class,Corporate,East,Electronics,Smartphone,3,459.42,0.05,1309.35,243.42,October,2023Q4
ORD-1978,2023-10-24 21:46:41.334445,Standard Class,Corporate,North,Furniture,Sofa,5,492.53,0.0,2462.65,566.25,October,2023Q4
ORD-1979,2023-10-25 05:03:51.192660,Standard Class,Consumer,East,Office Supplies,Notebooks,4,40.65,0.1,146.34,34.18,October,2023Q4
ORD-1980,2023-10-25 12:21:01.050875,First Class,Corporate,North,Furniture,Office Chair,7,567.72,0.25,2980.53,639.02,October,2023Q4
ORD-1981,2023-10-25 19:38:10.909090,Standard Class,Consumer,East,Clothing,Trousers,1,109.61,0.0,109.61,23.59,October,2023Q4
ORD-1982,2023-10-26 02:55:20.767306,Second Class,Corporate,East,Electronics,Smartwatch,4,412.56,0.0,1650.24,358.0,October,2023Q4
ORD-1983,2023-10-26 10:12:30.625521,Standard Class,Consumer,East,Electronics,Laptop,3,585.38,0.05,1668.33,266.71,October,2023Q4
ORD-1984,2023-10-26 17:29:40.483736,Second Class,Consumer,East,Office Supplies,Printer Paper,2,56.43,0.05,107.22,38.7,October,2023Q4
ORD-1985,2023-10-27 00:46:50.341951,Second Class,Consumer,East,Furniture,Bookshelf,7,360.16,0.0,2521.12,530.87,October,2023Q4
ORD-1986,2023-10-27 08:04:00.200166,Standard Class,Consumer,East,Office Supplies,Stapler,2,69.16,0.0,138.32,47.14,October,2023Q4
ORD-1987,2023-10-27 15:21:10.058381,Standard Class,Consumer,North,Furniture,Bookshelf,7,401.49,0.0,2810.43,622.03,October,2023Q4
ORD-1988,2023-10-27 22:38:19.916597,Standard Class,Consumer,East,Electronics,Smartwatch,2,377.84,0.2,604.54,116.78,October,2023Q4
ORD-1989,2023-10-28 05:55:29.774812,First Class,Consumer,North,Clothing,Trousers,1,59.92,0.1,53.93,12.64,October,2023Q4
ORD-1990,2023-10-28 13:12:39.633027,First Class,Home Office,West,Clothing,Shoes,3,150.2,0.1,405.54,117.7,October,2023Q4
ORD-1991,2023-10-28 20:29:49.491242,Standard Class,Home Office,North,Office Supplies,Folders,5,67.3,0.15,286.02,81.95,October,2023Q4
ORD-1992,2023-10-29 03:46:59.349457,Standard Class,Consumer,South,Electronics,Headphones,2,528.48,0.0,1056.96,185.4,October,2023Q4
ORD-1993,2023-10-29 11:04:09.207673,Standard Class,Home Office,East,Office Supplies,Printer Paper,7,85.2,0.15,506.94,153.7,October,2023Q4
ORD-1994,2023-10-29 18:21:19.065888,Second Class,Consumer,South,Furniture,Desk,3,341.85,0.05,974.27,257.01,October,2023Q4
ORD-1995,2023-10-30 01:38:28.924103,Standard Class,Corporate,North,Electronics,Camera,4,843.09,0.0,3372.36,665.07,October,2023Q4
ORD-1996,2023-10-30 08:55:38.782318,Standard Class,Corporate,East,Sports,Football,1,130.71,0.15,111.1,20.21,October,2023Q4
ORD-1997,2023-10-30 16:12:48.640533,Standard Class,Consumer,East,Electronics,Smartphone,3,322.45,0.15,822.25,163.13,October,2023Q4
ORD-1998,2023-10-30 23:29:58.498748,Standard Class,Consumer,East,Sports,Cycle,3,251.07,0.15,640.23,138.99,October,2023Q4
ORD-1999,2023-10-31 06:47:08.356964,Second Class,Consumer,South,Furniture,Filing Cabinet,5,344.76,0.0,1723.8,477.31,October,2023Q4
ORD-2000,2023-10-31 14:04:18.215179,Standard Class,Consumer,East,Electronics,Camera,3,840.74,0.25,1891.67,410.25,October,2023Q4
ORD-2001,2023-10-31 21:21:28.073394,Second Class,Corporate,South,Office Supplies,Folders,5,47.1,0.2,188.4,61.52,October,2023Q4
ORD-2002,2023-11-01 04:38:37.931609,Standard Class,Consumer,East,Clothing,Trousers,1,138.91,0.0,138.91,31.43,November,2023Q4
ORD-2003,2023-11-01 11:55:47.789824,Standard Class,Consumer,East,Office Supplies,Printer Paper,1,89.88,0.0,89.88,31.49,November,2023Q4
ORD-2004,2023-11-01 19:12:57.648040,Second Class,Consumer,East,Clothing,Shoes,4,56.66,0.0,226.64,59.22,November,2023Q4
ORD-2005,2023-11-02 02:30:07.506255,Same Day,Consumer,North,Office Supplies,Notebooks,5,86.81,0.25,325.54,126.1,November,2023Q4
ORD-2006,2023-11-02 09:47:17.364470,Second Class,Corporate,North,Office Supplies,Folders,5,68.14,0.05,323.66,82.39,November,2023Q4
ORD-2007,2023-11-02 17:04:27.222685,Standard Class,Consumer,North,Clothing,Shoes,2,133.62,0.0,267.24,49.96,November,2023Q4
ORD-2008,2023-11-03 00:21:37.080900,Standard Class,Home Office,North,Electronics,Laptop,2,646.67,0.0,1293.34,172.72,November,2023Q4
ORD-2009,2023-11-03 07:38:46.939115,First Class,Consumer,South,Furniture,Sofa,4,559.76,0.0,2239.04,533.98,November,2023Q4
ORD-2010,2023-11-03 14:55:56.797331,Standard Class,Consumer,East,Electronics,Smartwatch,1,301.27,0.1,271.14,61.67,November,2023Q4
ORD-2011,2023-11-03 22:13:06.655546,Standard Class,Corporate,North,Sports,Football,6,122.12,0.05,696.08,97.61,November,2023Q4
ORD-2012,2023-11-04 05:30:16.513761,First Class,Consumer,West,Sports,Cycle,2,240.15,0.25,360.22,81.8,November,2023Q4
ORD-2013,2023-11-04 12:47:26.371976,First Class,Corporate,North,Electronics,Smartphone,3,811.69,0.1,2191.56,431.66,November,2023Q4
ORD-2014,2023-11-04 20:04:36.230191,Same Day,Corporate,East,Office Supplies,Printer Paper,1,28.27,0.15,24.03,8.21,November,2023Q4
ORD-2015,2023-11-05 03:21:46.088407,First Class,Consumer,East,Sports,Yoga Mat,6,171.27,0.0,1027.62,187.69,November,2023Q4
ORD-2016,2023-11-05 10:38:55.946622,First Class,Consumer,South,Electronics,Camera,3,651.29,0.0,1953.87,419.33,November,2023Q4
ORD-2017,2023-11-05 17:56:05.804837,Standard Class,Consumer,North,Office Supplies,Pens Set,7,55.86,0.05,371.47,81.0,November,2023Q4
ORD-2018,2023-11-06 01:13:15.663052,Standard Class,Consumer,East,Sports,Cricket Bat,5,129.1,0.0,645.5,148.89,November,2023Q4
ORD-2019,2023-11-06 08:30:25.521267,Standard Class,Consumer,South,Electronics,Tablet,1,760.84,0.0,760.84,117.81,November,2023Q4
ORD-2020,2023-11-06 15:47:35.379482,Standard Class,Consumer,West,Office Supplies,Printer Paper,7,41.96,0.2,234.98,69.51,November,2023Q4
ORD-2021,2023-11-06 23:04:45.237698,Standard Class,Consumer,East,Electronics,Headphones,4,845.24,0.05,3211.91,690.06,November,2023Q4
ORD-2022,2023-11-07 06:21:55.095913,Standard Class,Corporate,West,Sports,Football,5,226.18,0.0,1130.9,195.15,November,2023Q4
ORD-2023,2023-11-07 13:39:04.954128,Standard Class,Corporate,North,Sports,Gym Equipment,5,151.73,0.0,758.65,123.07,November,2023Q4
ORD-2024,2023-11-07 20:56:14.812343,Standard Class,Corporate,East,Sports,Football,3,126.44,0.0,379.32,84.12,November,2023Q4
ORD-2025,2023-11-08 04:13:24.670558,Standard Class,Consumer,East,Furniture,Filing Cabinet,7,295.18,0.25,1549.7,347.77,November,2023Q4
ORD-2026,2023-11-08 11:30:34.528773,Standard Class,Consumer,East,Clothing,Shoes,5,116.59,0.0,582.95,147.0,November,2023Q4
ORD-2027,2023-11-08 18:47:44.386989,Standard Class,Home Office,North,Clothing,Trousers,2,148.86,0.0,297.72,63.57,November,2023Q4
ORD-2028,2023-11-09 02:04:54.245204,Second Class,Corporate,East,Furniture,Filing Cabinet,1,328.77,0.1,295.89,46.93,November,2023Q4
ORD-2029,2023-11-09 09:22:04.103419,Standard Class,Home Office,South,Clothing,Shoes,2,133.97,0.0,267.94,63.38,November,2023Q4
ORD-2030,2023-11-09 16:39:13.961634,Standard Class,Consumer,East,Electronics,Tablet,3,545.39,0.0,1636.17,224.99,November,2023Q4
ORD-2031,2023-11-09 23:56:23.819849,Second Class,Corporate,South,Office Supplies,Folders,6,48.93,0.0,293.58,109.53,November,2023Q4
ORD-2032,2023-11-10 07:13:33.678065,Standard Class,Corporate,West,Electronics,Headphones,3,287.9,0.0,863.7,112.67,November,2023Q4
ORD-2033,2023-11-10 14:30:43.536280,Standard Class,Consumer,North,Electronics,Camera,1,272.82,0.0,272.82,47.09,November,2023Q4
ORD-2034,2023-11-10 21:47:53.394495,Standard Class,Consumer,West,Electronics,Monitor,5,433.59,0.0,2167.95,285.39,November,2023Q4
ORD-2035,2023-11-11 05:05:03.252710,Standard Class,Corporate,West,Office Supplies,Notebooks,7,56.26,0.15,334.75,76.05,November,2023Q4
ORD-2036,2023-11-11 12:22:13.110925,First Class,Consumer,West,Furniture,Office Chair,7,549.37,0.0,3845.59,926.67,November,2023Q4
ORD-2037,2023-11-11 19:39:22.969140,Standard Class,Consumer,East,Office Supplies,Pens Set,4,84.49,0.1,304.16,99.3,November,2023Q4
ORD-2038,2023-11-12 02:56:32.827356,Second Class,Corporate,South,Electronics,Monitor,3,462.36,0.15,1179.02,152.77,November,2023Q4
ORD-2039,2023-11-12 10:13:42.685571,Standard Class,Home Office,West,Furniture,Sofa,1,277.55,0.05,263.67,40.64,November,2023Q4
ORD-2040,2023-11-12 17:30:52.543786,Standard Class,Consumer,North,Office Supplies,Notebooks,4,43.37,0.0,173.48,38.89,November,2023Q4
ORD-2041,2023-11-13 00:48:02.402001,Standard Class,Consumer,East,Clothing,Jacket,5,97.14,0.0,485.7,140.59,November,2023Q4
ORD-2042,2023-11-13 08:05:12.260216,Standard Class,Consumer,East,Furniture,Sofa,6,391.19,0.1,2112.43,488.32,November,2023Q4
ORD-2043,2023-11-13 15:22:22.118432,Standard Class,Corporate,East,Office Supplies,Stapler,3,58.58,0.1,158.17,34.3,November,2023Q4
ORD-2044,2023-11-13 22:39:31.976647,Standard Class,Consumer,North,Clothing,Jacket,6,80.69,0.1,435.73,108.15,November,2023Q4
ORD-2045,2023-11-14 05:56:41.834862,Standard Class,Home Office,East,Office Supplies,Notebooks,1,36.39,0.0,36.39,12.31,November,2023Q4
ORD-2046,2023-11-14 13:13:51.693077,Second Class,Consumer,West,Electronics,Headphones,6,279.06,0.2,1339.49,294.48,November,2023Q4
ORD-2047,2023-11-14 20:31:01.551292,Standard Class,Consumer,North,Electronics,Camera,6,380.85,0.0,2285.1,518.43,November,2023Q4
ORD-2048,2023-11-15 03:48:11.409507,First Class,Corporate,West,Clothing,Accessories,1,146.93,0.0,146.93,32.93,November,2023Q4
ORD-2049,2023-11-15 11:05:21.267723,Second Class,Corporate,North,Electronics,Laptop,1,445.42,0.05,423.15,59.52,November,2023Q4
ORD-2050,2023-11-15 18:22:31.125938,Standard Class,Consumer,South,Clothing,Formal Shirt,3,114.73,0.0,344.19,72.47,November,2023Q4
ORD-2051,2023-11-16 01:39:40.984153,Standard Class,Consumer,North,Office Supplies,Printer Paper,6,69.57,0.05,396.55,138.68,November,2023Q4
ORD-2052,2023-11-16 08:56:50.842368,Standard Class,Home Office,North,Sports,Yoga Mat,4,242.27,0.1,872.17,223.78,November,2023Q4
ORD-2053,2023-11-16 16:14:00.700583,Second Class,Consumer,West,Clothing,Jacket,1,171.88,0.15,146.1,35.79,November,2023Q4
ORD-2054,2023-11-16 23:31:10.558799,Standard Class,Home Office,South,Sports,Yoga Mat,5,215.18,0.15,914.52,161.54,November,2023Q4
ORD-2055,2023-11-17 06:48:20.417014,First Class,Consumer,South,Furniture,Bookshelf,6,183.75,0.05,1047.38,220.63,November,2023Q4
ORD-2056,2023-11-17 14:05:30.275229,Standard Class,Corporate,North,Clothing,Formal Shirt,1,129.21,0.1,116.29,25.67,November,2023Q4
ORD-2057,2023-11-17 21:22:40.133444,First Class,Corporate,East,Furniture,Desk,4,520.39,0.0,2081.56,391.03,November,2023Q4
ORD-2058,2023-11-18 04:39:49.991659,Standard Class,Consumer,East,Furniture,Filing Cabinet,7,175.75,0.05,1168.74,271.59,November,2023Q4
ORD-2059,2023-11-18 11:56:59.849874,First Class,Home Office,South,Office Supplies,Notebooks,3,66.58,0.0,199.74,42.51,November,2023Q4
ORD-2060,2023-11-18 19:14:09.708090,Standard Class,Consumer,South,Clothing,Shoes,6,167.66,0.0,1005.96,215.21,November,2023Q4
ORD-2061,2023-11-19 02:31:19.566305,Standard Class,Consumer,West,Sports,Cycle,7,163.03,0.0,1141.21,250.34,November,2023Q4
ORD-2062,2023-11-19 09:48:29.424520,Standard Class,Corporate,South,Clothing,Trousers,1,51.56,0.05,48.98,8.81,November,2023Q4
ORD-2063,2023-11-19 17:05:39.282735,Standard Class,Consumer,South,Furniture,Desk,1,172.93,0.05,164.28,27.1,November,2023Q4
ORD-2064,2023-11-20 00:22:49.140950,Same Day,Corporate,South,Furniture,Bookshelf,5,354.65,0.2,1418.6,273.4,November,2023Q4
ORD-2065,2023-11-20 07:39:58.999165,Standard Class,Consumer,East,Office Supplies,Folders,5,38.16,0.0,190.8,70.22,November,2023Q4
ORD-2066,2023-11-20 14:57:08.857381,Standard Class,Consumer,South,Electronics,Tablet,6,748.4,0.25,3367.8,702.55,November,2023Q4
ORD-2067,2023-11-20 22:14:18.715596,Standard Class,Consumer,East,Electronics,Laptop,7,780.34,0.1,4916.14,631.2,November,2023Q4
ORD-2068,2023-11-21 05:31:28.573811,Standard Class,Consumer,North,Furniture,Filing Cabinet,7,247.69,0.05,1647.14,362.74,November,2023Q4
ORD-2069,2023-11-21 12:48:38.432026,Standard Class,Consumer,West,Electronics,Camera,1,909.74,0.1,818.77,127.45,November,2023Q4
ORD-2070,2023-11-21 20:05:48.290241,Second Class,Corporate,South,Electronics,Laptop,6,588.17,0.0,3529.02,691.88,November,2023Q4
ORD-2071,2023-11-22 03:22:58.148457,Standard Class,Home Office,East,Electronics,Tablet,1,372.85,0.15,316.92,64.63,November,2023Q4
ORD-2072,2023-11-22 10:40:08.006672,First Class,Corporate,South,Electronics,Smartwatch,5,820.26,0.05,3896.24,854.01,November,2023Q4
ORD-2073,2023-11-22 17:57:17.864887,Standard Class,Consumer,North,Electronics,Tablet,4,838.78,0.25,2516.34,446.26,November,2023Q4
ORD-2074,2023-11-23 01:14:27.723102,Standard Class,Consumer,East,Sports,Cycle,2,194.74,0.1,350.53,90.9,November,2023Q4
ORD-2075,2023-11-23 08:31:37.581317,Second Class,Consumer,South,Furniture,Bookshelf,2,550.35,0.15,935.6,265.11,November,2023Q4
ORD-2076,2023-11-23 15:48:47.439532,Second Class,Consumer,West,Furniture,Desk,1,498.34,0.15,423.59,114.56,November,2023Q4
ORD-2077,2023-11-23 23:05:57.297748,Standard Class,Corporate,West,Office Supplies,Stapler,7,90.52,0.0,633.64,198.63,November,2023Q4
ORD-2078,2023-11-24 06:23:07.155963,Second Class,Consumer,West,Electronics,Camera,5,582.4,0.0,2912.0,492.08,November,2023Q4
ORD-2079,2023-11-24 13:40:17.014178,Standard Class,Consumer,North,Sports,Cricket Bat,3,215.54,0.05,614.29,112.86,November,2023Q4
ORD-2080,2023-11-24 20:57:26.872393,Standard Class,Home Office,East,Clothing,Jacket,3,186.97,0.05,532.86,94.22,November,2023Q4
ORD-2081,2023-11-25 04:14:36.730608,First Class,Consumer,South,Electronics,Smartwatch,2,791.95,0.0,1583.9,242.2,November,2023Q4
ORD-2082,2023-11-25 11:31:46.588824,Standard Class,Consumer,West,Furniture,Filing Cabinet,4,219.15,0.2,701.28,174.54,November,2023Q4
ORD-2083,2023-11-25 18:48:56.447039,Standard Class,Consumer,East,Clothing,Accessories,2,121.49,0.05,230.83,61.3,November,2023Q4
ORD-2084,2023-11-26 02:06:06.305254,First Class,Consumer,West,Sports,Yoga Mat,1,184.77,0.25,138.58,34.64,November,2023Q4
ORD-2085,2023-11-26 09:23:16.163469,Same Day,Home Office,South,Furniture,Office Chair,4,246.05,0.15,836.57,134.36,November,2023Q4
ORD-2086,2023-11-26 16:40:26.021684,Standard Class,Consumer,East,Office Supplies,Folders,3,96.33,0.05,274.54,65.33,November,2023Q4
ORD-2087,2023-11-26 23:57:35.879899,Standard Class,Consumer,North,Electronics,Smartphone,7,396.42,0.2,2219.95,468.94,November,2023Q4
ORD-2088,2023-11-27 07:14:45.738115,Standard Class,Consumer,East,Sports,Cycle,5,106.09,0.05,503.93,92.23,November,2023Q4
ORD-2089,2023-11-27 14:31:55.596330,First Class,Consumer,South,Electronics,Headphones,5,928.92,0.2,3715.68,515.67,November,2023Q4
ORD-2090,2023-11-27 21:49:05.454545,First Class,Consumer,East,Sports,Cricket Bat,1,161.32,0.0,161.32,41.87,November,2023Q4
ORD-2091,2023-11-28 05:06:15.312760,Standard Class,Corporate,East,Office Supplies,Printer Paper,2,31.55,0.0,63.1,22.19,November,2023Q4
ORD-2092,2023-11-28 12:23:25.170975,Standard Class,Corporate,East,Office Supplies,Pens Set,1,70.07,0.05,66.57,18.88,November,2023Q4
ORD-2093,2023-11-28 19:40:35.029190,Standard Class,Corporate,North,Office Supplies,Stapler,5,70.33,0.05,334.07,119.66,November,2023Q4
ORD-2094,2023-11-29 02:57:44.887406,Second Class,Consumer,East,Electronics,Laptop,3,316.44,0.05,901.85,179.92,November,2023Q4
ORD-2095,2023-11-29 10:14:54.745621,Second Class,Corporate,South,Electronics,Laptop,5,970.22,0.05,4608.54,973.86,November,2023Q4
ORD-2096,2023-11-29 17:32:04.603836,Second Class,Corporate,South,Electronics,Headphones,4,661.7,0.0,2646.8,566.53,November,2023Q4
ORD-2097,2023-11-30 00:49:14.462051,Same Day,Consumer,North,Electronics,Camera,7,673.05,0.2,3769.08,509.39,November,2023Q4
ORD-2098,2023-11-30 08:06:24.320266,Standard Class,Corporate,North,Clothing,Formal Shirt,7,121.74,0.05,809.57,217.33,November,2023Q4
ORD-2099,2023-11-30 15:23:34.178482,Standard Class,Consumer,South,Furniture,Sofa,6,441.61,0.05,2517.18,389.9,November,2023Q4
ORD-2100,2023-11-30 22:40:44.036697,Standard Class,Consumer,East,Electronics,Headphones,5,460.3,0.1,2071.35,270.71,November,2023Q4
ORD-2101,2023-12-01 05:57:53.894912,Standard Class,Corporate,North,Sports,Yoga Mat,5,127.15,0.1,572.18,142.17,December,2023Q4
ORD-2102,2023-12-01 13:15:03.753127,Standard Class,Consumer,South,Clothing,Formal Shirt,7,120.54,0.25,632.84,160.83,December,2023Q4
ORD-2103,2023-12-01 20:32:13.611342,Standard Class,Corporate,West,Sports,Yoga Mat,6,226.88,0.05,1293.22,295.25,December,2023Q4
ORD-2104,2023-12-02 03:49:23.469557,Second Class,Consumer,North,Sports,Gym Equipment,4,81.57,0.0,326.28,78.51,December,2023Q4
ORD-2105,2023-12-02 11:06:33.327773,First Class,Home Office,East,Electronics,Headphones,2,704.45,0.05,1338.46,305.91,December,2023Q4
ORD-2106,2023-12-02 18:23:43.185988,Standard Class,Home Office,East,Furniture,Filing Cabinet,5,529.44,0.05,2514.84,675.87,December,2023Q4
ORD-2107,2023-12-03 01:40:53.044203,Standard Class,Home Office,West,Clothing,Shoes,7,72.34,0.2,405.1,100.26,December,2023Q4
ORD-2108,2023-12-03 08:58:02.902418,Standard Class,Consumer,East,Office Supplies,Pens Set,1,28.08,0.0,28.08,7.59,December,2023Q4
ORD-2109,2023-12-03 16:15:12.760633,Second Class,Consumer,East,Electronics,Camera,5,495.15,0.2,1980.6,282.6,December,2023Q4
ORD-2110,2023-12-03 23:32:22.618849,Second Class,Consumer,West,Clothing,Shoes,1,130.99,0.05,124.44,29.25,December,2023Q4
ORD-2111,2023-12-04 06:49:32.477064,Standard Class,Consumer,South,Electronics,Monitor,4,369.56,0.25,1108.68,183.58,December,2023Q4
ORD-2112,2023-12-04 14:06:42.335279,Standard Class,Consumer,West,Electronics,Tablet,5,576.81,0.0,2884.05,537.69,December,2023Q4
ORD-2113,2023-12-04 21:23:52.193494,Standard Class,Corporate,North,Office Supplies,Printer Paper,7,66.77,0.2,373.91,123.31,December,2023Q4
ORD-2114,2023-12-05 04:41:02.051709,Standard Class,Corporate,West,Office Supplies,Pens Set,4,70.12,0.2,224.38,86.63,December,2023Q4
ORD-2115,2023-12-05 11:58:11.909924,Standard Class,Home Office,South,Office Supplies,Pens Set,4,46.76,0.25,140.28,47.85,December,2023Q4
ORD-2116,2023-12-05 19:15:21.768140,First Class,Consumer,East,Electronics,Laptop,2,558.02,0.0,1116.04,218.21,December,2023Q4
ORD-2117,2023-12-06 02:32:31.626355,First Class,Consumer,North,Clothing,Accessories,5,156.85,0.0,784.25,176.66,December,2023Q4
ORD-2118,2023-12-06 09:49:41.484570,Standard Class,Consumer,East,Electronics,Camera,1,947.67,0.1,852.9,110.64,December,2023Q4
ORD-2119,2023-12-06 17:06:51.342785,Second Class,Home Office,North,Electronics,Headphones,1,890.55,0.0,890.55,139.92,December,2023Q4
ORD-2120,2023-12-07 00:24:01.201000,First Class,Corporate,West,Clothing,Formal Shirt,5,127.74,0.0,638.7,185.39,December,2023Q4
ORD-2121,2023-12-07 07:41:11.059216,Standard Class,Corporate,West,Sports,Cycle,6,150.78,0.0,904.68,148.94,December,2023Q4
ORD-2122,2023-12-07 14:58:20.917431,Standard Class,Home Office,North,Clothing,Shoes,2,96.28,0.05,182.93,51.55,December,2023Q4
ORD-2123,2023-12-07 22:15:30.775646,First Class,Corporate,West,Clothing,Jacket,2,67.99,0.05,129.18,33.84,December,2023Q4
ORD-2124,2023-12-08 05:32:40.633861,Standard Class,Consumer,East,Office Supplies,Printer Paper,2,34.67,0.0,69.34,16.71,December,2023Q4
ORD-2125,2023-12-08 12:49:50.492076,First Class,Consumer,East,Office Supplies,Pens Set,1,76.56,0.0,76.56,19.68,December,2023Q4
ORD-2126,2023-12-08 20:07:00.350291,Same Day,Corporate,South,Electronics,Smartphone,4,457.05,0.05,1736.79,311.93,December,2023Q4
ORD-2127,2023-12-09 03:24:10.208507,Second Class,Consumer,North,Furniture,Bookshelf,7,282.09,0.05,1875.9,392.49,December,2023Q4
ORD-2128,2023-12-09 10:41:20.066722,First Class,Consumer,North,Furniture,Office Chair,6,615.19,0.0,3691.14,947.78,December,2023Q4
ORD-2129,2023-12-09 17:58:29.924937,Second Class,Home Office,South,Electronics,Smartwatch,2,405.31,0.0,810.62,166.43,December,2023Q4
ORD-2130,2023-12-10 01:15:39.783152,Second Class,Home Office,West,Office Supplies,Printer Paper,1,37.66,0.2,30.13,9.44,December,2023Q4
ORD-2131,2023-12-10 08:32:49.641367,Standard Class,Corporate,North,Furniture,Desk,1,212.21,0.25,159.16,41.79,December,2023Q4
ORD-2132,2023-12-10 15:49:59.499582,Standard Class,Corporate,West,Electronics,Laptop,4,687.46,0.25,2062.38,385.19,December,2023Q4
ORD-2133,2023-12-10 23:07:09.357798,Standard Class,Corporate,South,Electronics,Tablet,5,722.06,0.2,2888.24,664.74,December,2023Q4
ORD-2134,2023-12-11 06:24:19.216013,Second Class,Consumer,East,Office Supplies,Pens Set,5,53.3,0.0,266.5,66.39,December,2023Q4
ORD-2135,2023-12-11 13:41:29.074228,Standard Class,Consumer,East,Electronics,Tablet,7,655.5,0.1,4129.65,838.84,December,2023Q4
ORD-2136,2023-12-11 20:58:38.932443,Standard Class,Corporate,West,Clothing,Shoes,7,158.22,0.05,1052.16,242.51,December,2023Q4
ORD-2137,2023-12-12 04:15:48.790658,Standard Class,Corporate,South,Furniture,Filing Cabinet,2,534.51,0.1,962.12,183.6,December,2023Q4
ORD-2138,2023-12-12 11:32:58.648874,Second Class,Consumer,South,Furniture,Desk,7,597.14,0.0,4179.98,743.25,December,2023Q4
ORD-2139,2023-12-12 18:50:08.507089,Same Day,Home Office,South,Office Supplies,Pens Set,2,86.35,0.1,155.43,48.1,December,2023Q4
ORD-2140,2023-12-13 02:07:18.365304,Same Day,Consumer,North,Clothing,Shoes,6,127.82,0.05,728.57,151.05,December,2023Q4
ORD-2141,2023-12-13 09:24:28.223519,Standard Class,Consumer,South,Furniture,Office Chair,7,248.49,0.0,1739.43,313.87,December,2023Q4
ORD-2142,2023-12-13 16:41:38.081734,First Class,Corporate,South,Office Supplies,Folders,4,34.18,0.15,116.21,45.12,December,2023Q4
ORD-2143,2023-12-13 23:58:47.939949,Second Class,Consumer,South,Office Supplies,Pens Set,2,30.92,0.0,61.84,21.91,December,2023Q4
ORD-2144,2023-12-14 07:15:57.798165,Standard Class,Consumer,East,Electronics,Smartwatch,4,749.9,0.0,2999.6,620.36,December,2023Q4
ORD-2145,2023-12-14 14:33:07.656380,Standard Class,Consumer,South,Clothing,Trousers,1,160.82,0.0,160.82,47.3,December,2023Q4
ORD-2146,2023-12-14 21:50:17.514595,Standard Class,Corporate,South,Clothing,Accessories,2,120.18,0.0,240.36,77.0,December,2023Q4
ORD-2147,2023-12-15 05:07:27.372810,First Class,Consumer,South,Office Supplies,Stapler,1,30.94,0.0,30.94,9.69,December,2023Q4
ORD-2148,2023-12-15 12:24:37.231025,Standard Class,Corporate,East,Clothing,Trousers,3,123.82,0.2,297.17,61.82,December,2023Q4
ORD-2149,2023-12-15 19:41:47.089241,Standard Class,Corporate,West,Clothing,Accessories,4,178.26,0.05,677.39,206.15,December,2023Q4
ORD-2150,2023-12-16 02:58:56.947456,Second Class,Consumer,East,Office Supplies,Notebooks,3,70.03,0.05,199.59,68.6,December,2023Q4
ORD-2151,2023-12-16 10:16:06.805671,Standard Class,Home Office,East,Clothing,Jacket,2,161.08,0.0,322.16,76.4,December,2023Q4
ORD-2152,2023-12-16 17:33:16.663886,Standard Class,Consumer,South,Office Supplies,Stapler,1,84.61,0.1,76.15,22.48,December,2023Q4
ORD-2153,2023-12-17 00:50:26.522101,Second Class,Home Office,East,Office Supplies,Notebooks,2,94.11,0.15,159.99,45.44,December,2023Q4
ORD-2154,2023-12-17 08:07:36.380316,Standard Class,Corporate,South,Office Supplies,Folders,3,82.46,0.1,222.64,84.02,December,2023Q4
ORD-2155,2023-12-17 15:24:46.238532,Second Class,Home Office,South,Clothing,Shoes,2,152.69,0.1,274.84,62.26,December,2023Q4
ORD-2156,2023-12-17 22:41:56.096747,Standard Class,Consumer,East,Electronics,Laptop,6,438.55,0.2,2105.04,484.28,December,2023Q4
ORD-2157,2023-12-18 05:59:05.954962,Second Class,Consumer,West,Clothing,Accessories,5,59.15,0.15,251.39,78.32,December,2023Q4
ORD-2158,2023-12-18 13:16:15.813177,Second Class,Consumer,North,Clothing,Formal Shirt,3,121.39,0.1,327.75,88.35,December,2023Q4
ORD-2159,2023-12-18 20:33:25.671392,Standard Class,Consumer,East,Electronics,Laptop,2,359.59,0.0,719.18,135.65,December,2023Q4
ORD-2160,2023-12-19 03:50:35.529608,Standard Class,Corporate,East,Clothing,Trousers,1,181.86,0.1,163.67,37.73,December,2023Q4
ORD-2161,2023-12-19 11:07:45.387823,Second Class,Consumer,North,Electronics,Smartwatch,2,478.75,0.05,909.62,116.41,December,2023Q4
ORD-2162,2023-12-19 18:24:55.246038,Second Class,Corporate,North,Furniture,Sofa,1,550.12,0.1,495.11,84.59,December,2023Q4
ORD-2163,2023-12-20 01:42:05.104253,Second Class,Consumer,South,Office Supplies,Pens Set,5,54.91,0.15,233.37,80.69,December,2023Q4
ORD-2164,2023-12-20 08:59:14.962468,First Class,Consumer,North,Electronics,Laptop,2,502.7,0.1,904.86,160.09,December,2023Q4
ORD-2165,2023-12-20 16:16:24.820683,Standard Class,Corporate,North,Clothing,Formal Shirt,7,178.18,0.15,1060.17,209.36,December,2023Q4
ORD-2166,2023-12-20 23:33:34.678899,Standard Class,Consumer,North,Clothing,Formal Shirt,7,100.41,0.0,702.87,150.83,December,2023Q4
ORD-2167,2023-12-21 06:50:44.537114,First Class,Corporate,South,Office Supplies,Folders,5,55.1,0.0,275.5,104.86,December,2023Q4
ORD-2168,2023-12-21 14:07:54.395329,Standard Class,Corporate,East,Electronics,Smartwatch,3,346.39,0.0,1039.17,172.14,December,2023Q4
ORD-2169,2023-12-21 21:25:04.253544,Standard Class,Corporate,East,Electronics,Smartphone,1,752.72,0.2,602.18,134.91,December,2023Q4
ORD-2170,2023-12-22 04:42:14.111759,Standard Class,Consumer,West,Office Supplies,Printer Paper,7,47.8,0.15,284.41,75.32,December,2023Q4
ORD-2171,2023-12-22 11:59:23.969974,Standard Class,Corporate,South,Sports,Cricket Bat,6,184.44,0.1,995.98,204.36,December,2023Q4
ORD-2172,2023-12-22 19:16:33.828190,Standard Class,Home Office,East,Office Supplies,Stapler,3,69.58,0.1,187.87,40.15,December,2023Q4
ORD-2173,2023-12-23 02:33:43.686405,Same Day,Corporate,West,Electronics,Laptop,1,787.82,0.1,709.04,129.3,December,2023Q4
ORD-2174,2023-12-23 09:50:53.544620,Standard Class,Consumer,East,Office Supplies,Notebooks,5,80.66,0.2,322.64,104.74,December,2023Q4
ORD-2175,2023-12-23 17:08:03.402835,Standard Class,Corporate,South,Office Supplies,Notebooks,7,64.04,0.15,381.04,96.09,December,2023Q4
ORD-2176,2023-12-24 00:25:13.261050,Same Day,Corporate,East,Clothing,Trousers,4,96.01,0.1,345.64,90.5,December,2023Q4
ORD-2177,2023-12-24 07:42:23.119266,Same Day,Corporate,North,Electronics,Camera,2,872.96,0.1,1571.33,307.81,December,2023Q4
ORD-2178,2023-12-24 14:59:32.977481,Standard Class,Consumer,South,Clothing,Trousers,5,93.14,0.0,465.7,129.48,December,2023Q4
ORD-2179,2023-12-24 22:16:42.835696,Standard Class,Consumer,East,Office Supplies,Notebooks,1,63.54,0.1,57.19,20.0,December,2023Q4
ORD-2180,2023-12-25 05:33:52.693911,First Class,Corporate,East,Sports,Cricket Bat,1,149.04,0.05,141.59,25.11,December,2023Q4
ORD-2181,2023-12-25 12:51:02.552126,Second Class,Consumer,North,Furniture,Filing Cabinet,1,551.08,0.0,551.08,126.17,December,2023Q4
ORD-2182,2023-12-25 20:08:12.410341,Second Class,Corporate,West,Office Supplies,Folders,1,58.1,0.15,49.38,19.09,December,2023Q4
ORD-2183,2023-12-26 03:25:22.268557,First Class,Consumer,East,Sports,Cricket Bat,2,146.13,0.05,277.65,68.8,December,2023Q4
ORD-2184,2023-12-26 10:42:32.126772,Second Class,Corporate,South,Electronics,Camera,3,766.67,0.25,1725.01,394.83,December,2023Q4
ORD-2185,2023-12-26 17:59:41.984987,Standard Class,Consumer,West,Sports,Gym Equipment,6,187.67,0.0,1126.02,209.82,December,2023Q4
ORD-2186,2023-12-27 01:16:51.843202,Second Class,Consumer,South,Office Supplies,Pens Set,4,34.72,0.05,131.94,46.4,December,2023Q4
ORD-2187,2023-12-27 08:34:01.701417,Standard Class,Home Office,West,Electronics,Smartphone,2,635.88,0.05,1208.17,233.12,December,2023Q4
ORD-2188,2023-12-27 15:51:11.559633,Second Class,Home Office,East,Furniture,Desk,1,497.49,0.0,497.49,82.05,December,2023Q4
ORD-2189,2023-12-27 23:08:21.417848,Second Class,Corporate,North,Office Supplies,Stapler,2,98.43,0.05,187.02,67.01,December,2023Q4
ORD-2190,2023-12-28 06:25:31.276063,Standard Class,Consumer,East,Electronics,Smartwatch,5,722.99,0.0,3614.95,719.83,December,2023Q4
ORD-2191,2023-12-28 13:42:41.134278,Standard Class,Corporate,East,Office Supplies,Printer Paper,6,53.66,0.0,321.96,79.14,December,2023Q4
ORD-2192,2023-12-28 20:59:50.992493,Standard Class,Corporate,East,Furniture,Sofa,1,269.32,0.0,269.32,44.31,December,2023Q4
ORD-2193,2023-12-29 04:17:00.850708,Standard Class,Corporate,West,Office Supplies,Stapler,4,89.84,0.0,359.36,129.61,December,2023Q4
ORD-2194,2023-12-29 11:34:10.708924,Second Class,Consumer,East,Electronics,Smartphone,1,856.49,0.1,770.84,103.69,December,2023Q4
ORD-2195,2023-12-29 18:51:20.567139,Standard Class,Corporate,East,Clothing,Jacket,6,82.81,0.0,496.86,93.76,December,2023Q4
ORD-2196,2023-12-30 02:08:30.425354,Second Class,Corporate,West,Sports,Football,4,110.52,0.1,397.87,76.11,December,2023Q4
ORD-2197,2023-12-30 09:25:40.283569,Standard Class,Home Office,East,Sports,Gym Equipment,6,209.31,0.1,1130.27,176.52,December,2023Q4
ORD-2198,2023-12-30 16:42:50.141784,Second Class,Consumer,South,Office Supplies,Folders,4,49.68,0.05,188.78,70.69,December,2023Q4
ORD-2199,2023-12-31 00:00:00.000000,First Class,Corporate,West,Electronics,Headphones,3,490.61,0.2,1177.46,208.16,December,2023Q4
